,Argument 1-Premise 1,Argument 1-Premise 2,Argument 1-Conclusion,Argument 2-Premise 1,Argument 2-Premise 2,Argument 2-Conclusion,Argument 2 Chosen,participant_id
0,Airplanes,Rhinos,Crows,Airplanes,,Crows,1,60abcd6f3e5efd9fca235828
1,Magpies,Turtles,Zeppelins,Magpies,,Zeppelins,1,60abcd6f3e5efd9fca235828
2,Dragonflies,Tracksuits,Airplanes,Dragonflies,,Airplanes,1,60abcd6f3e5efd9fca235828
3,Bumblebees,Blouses,Airplanes,Bumblebees,,Airplanes,1,60abcd6f3e5efd9fca235828
4,Cuckoos,Bass guitars,(Hot Air) balloons,Cuckoos,,(Hot Air) balloons,1,60abcd6f3e5efd9fca235828
5,Robins,Turkeys,Mosquitoes,Robins,,Mosquitoes,1,60abcd6f3e5efd9fca235828
6,Bats,Iguanas,Butterflies,Bats,,Butterflies,1,60abcd6f3e5efd9fca235828
7,Eagles,Wolves,Flies,Eagles,,Flies,1,60abcd6f3e5efd9fca235828
8,(Hot Air) balloons,Elephants,Bumblebees,(Hot Air) balloons,,Bumblebees,1,60abcd6f3e5efd9fca235828
9,Doves,Foxes,Helicopters,Doves,,Helicopters,1,60abcd6f3e5efd9fca235828
10,Falcons,Snakes,Helicopters,Falcons,,Helicopters,1,60abcd6f3e5efd9fca235828
11,Horseflies,Frogs,Helicopters,Horseflies,,Helicopters,1,60abcd6f3e5efd9fca235828
12,Sparrows,Saws,Rockets,Sparrows,,Rockets,1,60abcd6f3e5efd9fca235828
13,Doves,Dolphins,Helicopters,Doves,,Helicopters,1,60abcd6f3e5efd9fca235828
14,Pheasants,Boots,(Hot Air) balloons,Pheasants,,(Hot Air) balloons,1,60abcd6f3e5efd9fca235828
15,Bees,Jeans,Zeppelins,Bees,,Zeppelins,1,60abcd6f3e5efd9fca235828
16,Herons,Sheep,Airplanes,Herons,,Airplanes,1,60abcd6f3e5efd9fca235828
17,Canaries,Bison,Bees,Canaries,,Bees,1,60abcd6f3e5efd9fca235828
18,Blackbirds,Organs,Airplanes,Blackbirds,,Airplanes,1,60abcd6f3e5efd9fca235828
19,Fruit Flies,Dolphins,(Hot Air) balloons,Fruit Flies,,(Hot Air) balloons,1,60abcd6f3e5efd9fca235828
20,Chickadees,Levels,Rockets,Chickadees,,Rockets,1,60abcd6f3e5efd9fca235828
21,Bees,Llamas,Cuckoos,Bees,,Cuckoos,1,60abcd6f3e5efd9fca235828
22,Magpies,Carp,Zeppelins,Magpies,,Zeppelins,1,60abcd6f3e5efd9fca235828
23,Bumblebees,Toads,Pelicans,Bumblebees,,Pelicans,1,60abcd6f3e5efd9fca235828
24,Horseflies,Salamanders,Eagles,Horseflies,,Eagles,1,60abcd6f3e5efd9fca235828
25,Butterflies,Hippos,Blackbirds,Butterflies,,Blackbirds,1,60abcd6f3e5efd9fca235828
26,Blackbirds,Hats,Airplanes,Blackbirds,,Airplanes,1,60abcd6f3e5efd9fca235828
27,Helicopters,Pots,Flies,Helicopters,,Flies,1,60abcd6f3e5efd9fca235828
28,Blackbirds,Bras,Airplanes,Blackbirds,,Airplanes,1,60abcd6f3e5efd9fca235828
29,Eagles,Clarinets,Airplanes,Eagles,,Airplanes,1,60abcd6f3e5efd9fca235828
30,Sparrows,Snakes,Zeppelins,Sparrows,,Zeppelins,1,60abcd6f3e5efd9fca235828
31,Storks,Panties,Zeppelins,Storks,,Zeppelins,1,60abcd6f3e5efd9fca235828
32,Herons,Pigs,Airplanes,Herons,,Airplanes,1,60abcd6f3e5efd9fca235828
33,Swallows,Wolves,Wasps,Swallows,,Wasps,1,60abcd6f3e5efd9fca235828
34,Robins,Snakes,Helicopters,Robins,,Helicopters,1,60abcd6f3e5efd9fca235828
105,Bumblebees,Toads,Pelicans,Bumblebees,,Pelicans,1,5c4f5967aac8be0001716a65
106,Falcons,Ducks,(Hot Air) balloons,Falcons,,(Hot Air) balloons,0,5c4f5967aac8be0001716a65
107,Moths,Camels,Canaries,Moths,,Canaries,1,5c4f5967aac8be0001716a65
108,Robins,Turkeys,Mosquitoes,Robins,,Mosquitoes,1,5c4f5967aac8be0001716a65
109,Magpies,Carp,Zeppelins,Magpies,,Zeppelins,1,5c4f5967aac8be0001716a65
110,Owls,Rhinos,Wasps,Owls,,Wasps,1,5c4f5967aac8be0001716a65
111,Blackbirds,Organs,Airplanes,Blackbirds,,Airplanes,1,5c4f5967aac8be0001716a65
112,Blackbirds,Bras,Airplanes,Blackbirds,,Airplanes,1,5c4f5967aac8be0001716a65
113,Chickadees,Levels,Rockets,Chickadees,,Rockets,1,5c4f5967aac8be0001716a65
114,Horseflies,Salamanders,Eagles,Horseflies,,Eagles,1,5c4f5967aac8be0001716a65
115,Canaries,Bassoons,Zeppelins,Canaries,,Zeppelins,1,5c4f5967aac8be0001716a65
116,Woodpeckers,Hedgehogs,Dragonflies,Woodpeckers,,Dragonflies,1,5c4f5967aac8be0001716a65
117,Flies,Rays,Parakeets,Flies,,Parakeets,1,5c4f5967aac8be0001716a65
118,Cuckoos,Accordions,(Hot Air) balloons,Cuckoos,,(Hot Air) balloons,1,5c4f5967aac8be0001716a65
119,Pheasants,Boots,(Hot Air) balloons,Pheasants,,(Hot Air) balloons,1,5c4f5967aac8be0001716a65
120,Dragonflies,Tracksuits,Airplanes,Dragonflies,,Airplanes,1,5c4f5967aac8be0001716a65
121,Swallows,Piranhas,Rockets,Swallows,,Rockets,1,5c4f5967aac8be0001716a65
122,Owls,Caimans,Zeppelins,Owls,,Zeppelins,1,5c4f5967aac8be0001716a65
123,Swallows,Wolves,Wasps,Swallows,,Wasps,1,5c4f5967aac8be0001716a65
124,Falcons,Snakes,Helicopters,Falcons,,Helicopters,1,5c4f5967aac8be0001716a65
125,Horseflies,Pan flutes,(Hot Air) balloons,Horseflies,,(Hot Air) balloons,0,5c4f5967aac8be0001716a65
126,Canaries,Bison,Bees,Canaries,,Bees,1,5c4f5967aac8be0001716a65
127,Horseflies,Frogs,Helicopters,Horseflies,,Helicopters,0,5c4f5967aac8be0001716a65
128,Herons,Pigs,Airplanes,Herons,,Airplanes,1,5c4f5967aac8be0001716a65
129,Parakeets,Alligators,Zeppelins,Parakeets,,Zeppelins,0,5c4f5967aac8be0001716a65
130,Cuckoos,Turkeys,Helicopters,Cuckoos,,Helicopters,1,5c4f5967aac8be0001716a65
131,Eagles,Cobras,Bats,Eagles,,Bats,1,5c4f5967aac8be0001716a65
133,Bumblebees,Tortoises,Rockets,Bumblebees,,Rockets,1,5c4f5967aac8be0001716a65
134,Magpies,Polar Bears,Zeppelins,Magpies,,Zeppelins,1,5c4f5967aac8be0001716a65
135,Rockets,Colanders,Flies,Rockets,,Flies,1,5c4f5967aac8be0001716a65
136,Herons,Sheep,Airplanes,Herons,,Airplanes,1,5c4f5967aac8be0001716a65
137,Cuckoos,Bass guitars,(Hot Air) balloons,Cuckoos,,(Hot Air) balloons,0,5c4f5967aac8be0001716a65
138,Bees,Grasshoppers,Airplanes,Bees,,Airplanes,0,5c4f5967aac8be0001716a65
139,Bumblebees,Blouses,Airplanes,Bumblebees,,Airplanes,1,5c4f5967aac8be0001716a65
315,Doves,Dolphins,Helicopters,Doves,,Helicopters,0,66a6ca57dbfc12dcc7ae677e
316,Flies,Rays,Parakeets,Flies,,Parakeets,0,66a6ca57dbfc12dcc7ae677e
317,Cuckoos,Woks,Zeppelins,Cuckoos,,Zeppelins,0,66a6ca57dbfc12dcc7ae677e
318,Fruit Flies,Beetles,Crows,Fruit Flies,,Crows,0,66a6ca57dbfc12dcc7ae677e
319,Cuckoos,Go-carts,(Hot Air) balloons,Cuckoos,,(Hot Air) balloons,0,66a6ca57dbfc12dcc7ae677e
320,Owls,Rhinos,Wasps,Owls,,Wasps,0,66a6ca57dbfc12dcc7ae677e
321,Horseflies,Frogs,Helicopters,Horseflies,,Helicopters,0,66a6ca57dbfc12dcc7ae677e
322,Fruit Flies,Dolphins,(Hot Air) balloons,Fruit Flies,,(Hot Air) balloons,0,66a6ca57dbfc12dcc7ae677e
323,Magpies,Polar Bears,Zeppelins,Magpies,,Zeppelins,1,66a6ca57dbfc12dcc7ae677e
324,Chickadees,Levels,Rockets,Chickadees,,Rockets,0,66a6ca57dbfc12dcc7ae677e
325,Horseflies,Swordfish,Rockets,Horseflies,,Rockets,1,66a6ca57dbfc12dcc7ae677e
326,Doves,Foxes,Helicopters,Doves,,Helicopters,1,66a6ca57dbfc12dcc7ae677e
327,Parrots,Trumpets,Airplanes,Parrots,,Airplanes,1,66a6ca57dbfc12dcc7ae677e
328,Pheasants,Boots,(Hot Air) balloons,Pheasants,,(Hot Air) balloons,1,66a6ca57dbfc12dcc7ae677e
329,Rockets,Colanders,Flies,Rockets,,Flies,1,66a6ca57dbfc12dcc7ae677e
330,Storks,Jeans,Rockets,Storks,,Rockets,1,66a6ca57dbfc12dcc7ae677e
331,Mosquitoes,Toads,Pheasants,Mosquitoes,,Pheasants,1,66a6ca57dbfc12dcc7ae677e
332,Cuckoos,Worms,Flies,Cuckoos,,Flies,1,66a6ca57dbfc12dcc7ae677e
333,Falcons,Ducks,(Hot Air) balloons,Falcons,,(Hot Air) balloons,0,66a6ca57dbfc12dcc7ae677e
334,Blackbirds,Organs,Airplanes,Blackbirds,,Airplanes,1,66a6ca57dbfc12dcc7ae677e
335,Cuckoos,Lizards,Horseflies,Cuckoos,,Horseflies,1,66a6ca57dbfc12dcc7ae677e
336,Bees,Jeans,Zeppelins,Bees,,Zeppelins,1,66a6ca57dbfc12dcc7ae677e
337,Cuckoos,Bass guitars,(Hot Air) balloons,Cuckoos,,(Hot Air) balloons,1,66a6ca57dbfc12dcc7ae677e
338,Dragonflies,Tracksuits,Airplanes,Dragonflies,,Airplanes,1,66a6ca57dbfc12dcc7ae677e
339,Eagles,Wolves,Flies,Eagles,,Flies,1,66a6ca57dbfc12dcc7ae677e
340,Magpies,Turtles,Zeppelins,Magpies,,Zeppelins,1,66a6ca57dbfc12dcc7ae677e
341,Canaries,Cats,Rockets,Canaries,,Rockets,1,66a6ca57dbfc12dcc7ae677e
342,Eagles,Clarinets,Airplanes,Eagles,,Airplanes,1,66a6ca57dbfc12dcc7ae677e
343,Herons,Sheep,Airplanes,Herons,,Airplanes,1,66a6ca57dbfc12dcc7ae677e
344,Bumblebees,Toads,Pelicans,Bumblebees,,Pelicans,1,66a6ca57dbfc12dcc7ae677e
345,Owls,Caimans,Zeppelins,Owls,,Zeppelins,1,66a6ca57dbfc12dcc7ae677e
346,Woodpeckers,Hedgehogs,Bumblebees,Woodpeckers,,Bumblebees,1,66a6ca57dbfc12dcc7ae677e
348,Robins,Turkeys,Mosquitoes,Robins,,Mosquitoes,0,66a6ca57dbfc12dcc7ae677e
349,Magpies,Carp,Zeppelins,Magpies,,Zeppelins,1,66a6ca57dbfc12dcc7ae677e
455,Parrots,Trumpets,Airplanes,Parrots,,Airplanes,1,66b73f9ba035651170b94c76
456,Bees,Grasshoppers,Airplanes,Bees,,Airplanes,0,66b73f9ba035651170b94c76
457,Owls,Rhinos,Wasps,Owls,,Wasps,1,66b73f9ba035651170b94c76
458,Moths,Camels,Canaries,Moths,,Canaries,1,66b73f9ba035651170b94c76
459,Sparrows,Alligators,Rockets,Sparrows,,Rockets,1,66b73f9ba035651170b94c76
460,Cuckoos,Woks,Zeppelins,Cuckoos,,Zeppelins,1,66b73f9ba035651170b94c76
461,Magpies,Carp,Zeppelins,Magpies,,Zeppelins,1,66b73f9ba035651170b94c76
462,Cuckoos,Accordions,(Hot Air) balloons,Cuckoos,,(Hot Air) balloons,1,66b73f9ba035651170b94c76
463,Eagles,Cobras,Bats,Eagles,,Bats,1,66b73f9ba035651170b94c76
464,Swallows,Wolves,Wasps,Swallows,,Wasps,1,66b73f9ba035651170b94c76
465,Bees,Llamas,Cuckoos,Bees,,Cuckoos,1,66b73f9ba035651170b94c76
466,Robins,Snakes,Helicopters,Robins,,Helicopters,1,66b73f9ba035651170b94c76
467,Butterflies,Hippos,Blackbirds,Butterflies,,Blackbirds,1,66b73f9ba035651170b94c76
468,Pheasants,Boots,(Hot Air) balloons,Pheasants,,(Hot Air) balloons,1,66b73f9ba035651170b94c76
469,Doves,Dolphins,Helicopters,Doves,,Helicopters,1,66b73f9ba035651170b94c76
470,Zeppelins,Guitars,Bumblebees,Zeppelins,,Bumblebees,1,66b73f9ba035651170b94c76
471,Storks,Panties,Zeppelins,Storks,,Zeppelins,1,66b73f9ba035651170b94c76
472,Fruit Flies,Dolphins,(Hot Air) balloons,Fruit Flies,,(Hot Air) balloons,1,66b73f9ba035651170b94c76
473,Robins,Penguins,Helicopters,Robins,,Helicopters,1,66b73f9ba035651170b94c76
474,Horseflies,Pan flutes,(Hot Air) balloons,Horseflies,,(Hot Air) balloons,1,66b73f9ba035651170b94c76
475,Woodpeckers,Alligators,(Hot Air) balloons,Woodpeckers,,(Hot Air) balloons,1,66b73f9ba035651170b94c76
476,Woodpeckers,Hedgehogs,Dragonflies,Woodpeckers,,Dragonflies,1,66b73f9ba035651170b94c76
477,Airplanes,Rhinos,Crows,Airplanes,,Crows,1,66b73f9ba035651170b94c76
478,Canaries,Bassoons,Zeppelins,Canaries,,Zeppelins,1,66b73f9ba035651170b94c76
479,Falcons,Snakes,Helicopters,Falcons,,Helicopters,1,66b73f9ba035651170b94c76
481,Falcons,Ducks,(Hot Air) balloons,Falcons,,(Hot Air) balloons,1,66b73f9ba035651170b94c76
482,Fruit Flies,Beetles,Crows,Fruit Flies,,Crows,1,66b73f9ba035651170b94c76
483,Canaries,Cats,Rockets,Canaries,,Rockets,1,66b73f9ba035651170b94c76
484,Blackbirds,Hats,Airplanes,Blackbirds,,Airplanes,1,66b73f9ba035651170b94c76
485,Blackbirds,Bras,Airplanes,Blackbirds,,Airplanes,1,66b73f9ba035651170b94c76
486,Owls,Caimans,Zeppelins,Owls,,Zeppelins,1,66b73f9ba035651170b94c76
487,Horseflies,Swordfish,Rockets,Horseflies,,Rockets,1,66b73f9ba035651170b94c76
488,Horseflies,Salamanders,Eagles,Horseflies,,Eagles,1,66b73f9ba035651170b94c76
489,Pelicans,Donkeys,Airplanes,Pelicans,,Airplanes,1,66b73f9ba035651170b94c76
560,Robins,Snakes,Helicopters,Robins,,Helicopters,0,662c4b36960bb85f6f77fc6e
561,Sparrows,Alligators,Rockets,Sparrows,,Rockets,0,662c4b36960bb85f6f77fc6e
562,Pelicans,Donkeys,Airplanes,Pelicans,,Airplanes,1,662c4b36960bb85f6f77fc6e
563,Woodpeckers,Ducks,Bats,Woodpeckers,,Bats,1,662c4b36960bb85f6f77fc6e
564,Rockets,Colanders,Flies,Rockets,,Flies,1,662c4b36960bb85f6f77fc6e
565,Swallows,Piranhas,Rockets,Swallows,,Rockets,1,662c4b36960bb85f6f77fc6e
566,Canaries,Giraffes,(Hot Air) balloons,Canaries,,(Hot Air) balloons,0,662c4b36960bb85f6f77fc6e
567,(Hot Air) balloons,Elephants,Bumblebees,(Hot Air) balloons,,Bumblebees,0,662c4b36960bb85f6f77fc6e
568,Flies,Rays,Parakeets,Flies,,Parakeets,1,662c4b36960bb85f6f77fc6e
569,Sparrows,Saws,Rockets,Sparrows,,Rockets,1,662c4b36960bb85f6f77fc6e
570,Airplanes,Rhinos,Crows,Airplanes,,Crows,0,662c4b36960bb85f6f77fc6e
571,Storks,Jeans,Rockets,Storks,,Rockets,1,662c4b36960bb85f6f77fc6e
572,Cuckoos,Turkeys,Helicopters,Cuckoos,,Helicopters,0,662c4b36960bb85f6f77fc6e
573,Robins,Turkeys,Mosquitoes,Robins,,Mosquitoes,1,662c4b36960bb85f6f77fc6e
574,Woodpeckers,Hedgehogs,Dragonflies,Woodpeckers,,Dragonflies,0,662c4b36960bb85f6f77fc6e
575,Falcons,Snakes,Helicopters,Falcons,,Helicopters,0,662c4b36960bb85f6f77fc6e
576,Eagles,Clarinets,Airplanes,Eagles,,Airplanes,0,662c4b36960bb85f6f77fc6e
577,Bees,Llamas,Cuckoos,Bees,,Cuckoos,1,662c4b36960bb85f6f77fc6e
578,Eagles,Cobras,Bats,Eagles,,Bats,1,662c4b36960bb85f6f77fc6e
579,Butterflies,Hippos,Blackbirds,Butterflies,,Blackbirds,0,662c4b36960bb85f6f77fc6e
580,Horseflies,Swordfish,Rockets,Horseflies,,Rockets,1,662c4b36960bb85f6f77fc6e
581,Mosquitoes,Toads,Pheasants,Mosquitoes,,Pheasants,1,662c4b36960bb85f6f77fc6e
582,Magpies,Polar Bears,Zeppelins,Magpies,,Zeppelins,0,662c4b36960bb85f6f77fc6e
583,Swallows,Wolves,Wasps,Swallows,,Wasps,0,662c4b36960bb85f6f77fc6e
584,Moths,Rabbits,Helicopters,Moths,,Helicopters,1,662c4b36960bb85f6f77fc6e
585,Cuckoos,Worms,Flies,Cuckoos,,Flies,0,662c4b36960bb85f6f77fc6e
586,Canaries,Cats,Rockets,Canaries,,Rockets,0,662c4b36960bb85f6f77fc6e
587,Cuckoos,Bass guitars,(Hot Air) balloons,Cuckoos,,(Hot Air) balloons,1,662c4b36960bb85f6f77fc6e
588,Pheasants,Boots,(Hot Air) balloons,Pheasants,,(Hot Air) balloons,1,662c4b36960bb85f6f77fc6e
589,Moths,Sheep,Storks,Moths,,Storks,1,662c4b36960bb85f6f77fc6e
590,Owls,Monkeys,Mosquitoes,Owls,,Mosquitoes,0,662c4b36960bb85f6f77fc6e
591,Magpies,Turtles,Zeppelins,Magpies,,Zeppelins,1,662c4b36960bb85f6f77fc6e
593,Seagulls,Pistols,Zeppelins,Seagulls,,Zeppelins,1,662c4b36960bb85f6f77fc6e
595,Sparrows,Saws,Rockets,Sparrows,,Rockets,0,669d63b71212137a95644a45
596,Pelicans,Donkeys,Airplanes,Pelicans,,Airplanes,0,669d63b71212137a95644a45
597,Horseflies,Salamanders,Eagles,Horseflies,,Eagles,1,669d63b71212137a95644a45
598,Bats,Iguanas,Butterflies,Bats,,Butterflies,1,669d63b71212137a95644a45
599,Moths,Sheep,Storks,Moths,,Storks,1,669d63b71212137a95644a45
600,Herons,Sheep,Airplanes,Herons,,Airplanes,1,669d63b71212137a95644a45
601,Magpies,Turtles,Zeppelins,Magpies,,Zeppelins,1,669d63b71212137a95644a45
602,Robins,Turkeys,Mosquitoes,Robins,,Mosquitoes,1,669d63b71212137a95644a45
603,Parakeets,Alligators,Zeppelins,Parakeets,,Zeppelins,1,669d63b71212137a95644a45
604,Bumblebees,Blouses,Airplanes,Bumblebees,,Airplanes,1,669d63b71212137a95644a45
605,Bumblebees,Toads,Pelicans,Bumblebees,,Pelicans,1,669d63b71212137a95644a45
606,Canaries,Giraffes,(Hot Air) balloons,Canaries,,(Hot Air) balloons,0,669d63b71212137a95644a45
607,Cuckoos,Worms,Flies,Cuckoos,,Flies,1,669d63b71212137a95644a45
608,Fruit Flies,Beetles,Crows,Fruit Flies,,Crows,1,669d63b71212137a95644a45
609,Canaries,Bassoons,Zeppelins,Canaries,,Zeppelins,1,669d63b71212137a95644a45
610,Dragonflies,Tracksuits,Airplanes,Dragonflies,,Airplanes,1,669d63b71212137a95644a45
611,Cuckoos,Woks,Zeppelins,Cuckoos,,Zeppelins,1,669d63b71212137a95644a45
612,(Hot Air) balloons,Elephants,Bumblebees,(Hot Air) balloons,,Bumblebees,1,669d63b71212137a95644a45
613,Wasps,Snakes,Airplanes,Wasps,,Airplanes,1,669d63b71212137a95644a45
614,Cuckoos,Accordions,(Hot Air) balloons,Cuckoos,,(Hot Air) balloons,1,669d63b71212137a95644a45
615,Pheasants,Boots,(Hot Air) balloons,Pheasants,,(Hot Air) balloons,1,669d63b71212137a95644a45
616,Rockets,Colanders,Flies,Rockets,,Flies,1,669d63b71212137a95644a45
617,Horseflies,Frogs,Helicopters,Horseflies,,Helicopters,1,669d63b71212137a95644a45
618,Storks,Jeans,Rockets,Storks,,Rockets,1,669d63b71212137a95644a45
619,Cuckoos,Go-carts,(Hot Air) balloons,Cuckoos,,(Hot Air) balloons,1,669d63b71212137a95644a45
620,Helicopters,Pots,Flies,Helicopters,,Flies,1,669d63b71212137a95644a45
621,Blackbirds,Organs,Airplanes,Blackbirds,,Airplanes,1,669d63b71212137a95644a45
622,Swallows,Piranhas,Rockets,Swallows,,Rockets,1,669d63b71212137a95644a45
623,Woodpeckers,Hedgehogs,Bumblebees,Woodpeckers,,Bumblebees,1,669d63b71212137a95644a45
624,Robins,Snakes,Helicopters,Robins,,Helicopters,1,669d63b71212137a95644a45
625,Owls,Monkeys,Mosquitoes,Owls,,Mosquitoes,1,669d63b71212137a95644a45
626,Pelicans,Ducks,Wasps,Pelicans,,Wasps,1,669d63b71212137a95644a45
628,Bees,Jeans,Zeppelins,Bees,,Zeppelins,1,669d63b71212137a95644a45
629,Bees,Llamas,Cuckoos,Bees,,Cuckoos,1,669d63b71212137a95644a45
735,Woodpeckers,Alligators,(Hot Air) balloons,Woodpeckers,,(Hot Air) balloons,1,66537b0010ca11939058e52b
736,Magpies,Carp,Zeppelins,Magpies,,Zeppelins,1,66537b0010ca11939058e52b
737,Sparrows,Saws,Rockets,Sparrows,,Rockets,1,66537b0010ca11939058e52b
738,Cuckoos,Go-carts,(Hot Air) balloons,Cuckoos,,(Hot Air) balloons,1,66537b0010ca11939058e52b
739,Zeppelins,Guitars,Bumblebees,Zeppelins,,Bumblebees,1,66537b0010ca11939058e52b
740,Woodpeckers,Hedgehogs,Bumblebees,Woodpeckers,,Bumblebees,0,66537b0010ca11939058e52b
741,Blackbirds,Bras,Airplanes,Blackbirds,,Airplanes,1,66537b0010ca11939058e52b
742,Rockets,Colanders,Flies,Rockets,,Flies,1,66537b0010ca11939058e52b
743,Doves,Foxes,Helicopters,Doves,,Helicopters,1,66537b0010ca11939058e52b
744,Cuckoos,Bass guitars,(Hot Air) balloons,Cuckoos,,(Hot Air) balloons,1,66537b0010ca11939058e52b
745,Eagles,Wolves,Flies,Eagles,,Flies,1,66537b0010ca11939058e52b
746,Pelicans,Ducks,Wasps,Pelicans,,Wasps,0,66537b0010ca11939058e52b
747,Blackbirds,Hats,Airplanes,Blackbirds,,Airplanes,1,66537b0010ca11939058e52b
748,Canaries,Cats,Rockets,Canaries,,Rockets,1,66537b0010ca11939058e52b
749,(Hot Air) balloons,Elephants,Bumblebees,(Hot Air) balloons,,Bumblebees,1,66537b0010ca11939058e52b
750,Cuckoos,Accordions,(Hot Air) balloons,Cuckoos,,(Hot Air) balloons,1,66537b0010ca11939058e52b
751,Fruit Flies,Dolphins,(Hot Air) balloons,Fruit Flies,,(Hot Air) balloons,1,66537b0010ca11939058e52b
752,Seagulls,Pistols,Zeppelins,Seagulls,,Zeppelins,1,66537b0010ca11939058e52b
753,Bees,Llamas,Cuckoos,Bees,,Cuckoos,1,66537b0010ca11939058e52b
754,Bumblebees,Toads,Pelicans,Bumblebees,,Pelicans,1,66537b0010ca11939058e52b
755,Flies,Pistols,Helicopters,Flies,,Helicopters,1,66537b0010ca11939058e52b
756,Moths,Rabbits,Helicopters,Moths,,Helicopters,1,66537b0010ca11939058e52b
757,Horseflies,Frogs,Helicopters,Horseflies,,Helicopters,1,66537b0010ca11939058e52b
758,Woodpeckers,Hedgehogs,Dragonflies,Woodpeckers,,Dragonflies,1,66537b0010ca11939058e52b
759,Wasps,Snakes,Airplanes,Wasps,,Airplanes,1,66537b0010ca11939058e52b
760,Herons,Pigs,Airplanes,Herons,,Airplanes,1,66537b0010ca11939058e52b
761,Moths,Sheep,Storks,Moths,,Storks,0,66537b0010ca11939058e52b
762,Parakeets,Alligators,Zeppelins,Parakeets,,Zeppelins,1,66537b0010ca11939058e52b
763,Bumblebees,Tortoises,Rockets,Bumblebees,,Rockets,1,66537b0010ca11939058e52b
764,Owls,Rhinos,Wasps,Owls,,Wasps,1,66537b0010ca11939058e52b
765,Sparrows,Snakes,Zeppelins,Sparrows,,Zeppelins,1,66537b0010ca11939058e52b
766,Cuckoos,Worms,Flies,Cuckoos,,Flies,1,66537b0010ca11939058e52b
767,Storks,Panties,Zeppelins,Storks,,Zeppelins,1,66537b0010ca11939058e52b
768,Blackbirds,Organs,Airplanes,Blackbirds,,Airplanes,1,66537b0010ca11939058e52b
769,Sparrows,Alligators,Rockets,Sparrows,,Rockets,1,66537b0010ca11939058e52b
770,Herons,Sheep,Airplanes,Herons,,Airplanes,1,66a428de01ccbc61556d585b
771,Bumblebees,Blouses,Airplanes,Bumblebees,,Airplanes,1,66a428de01ccbc61556d585b
772,Sparrows,Alligators,Rockets,Sparrows,,Rockets,1,66a428de01ccbc61556d585b
773,Bumblebees,Toads,Pelicans,Bumblebees,,Pelicans,1,66a428de01ccbc61556d585b
774,Owls,Rhinos,Wasps,Owls,,Wasps,1,66a428de01ccbc61556d585b
776,Fruit Flies,Dolphins,(Hot Air) balloons,Fruit Flies,,(Hot Air) balloons,1,66a428de01ccbc61556d585b
777,Doves,Dolphins,Helicopters,Doves,,Helicopters,1,66a428de01ccbc61556d585b
778,Moths,Camels,Canaries,Moths,,Canaries,1,66a428de01ccbc61556d585b
779,Pelicans,Elephants,Rockets,Pelicans,,Rockets,1,66a428de01ccbc61556d585b
780,Cuckoos,Bass guitars,(Hot Air) balloons,Cuckoos,,(Hot Air) balloons,1,66a428de01ccbc61556d585b
781,Falcons,Ducks,(Hot Air) balloons,Falcons,,(Hot Air) balloons,0,66a428de01ccbc61556d585b
782,Cuckoos,Woks,Zeppelins,Cuckoos,,Zeppelins,1,66a428de01ccbc61556d585b
783,Bees,Llamas,Cuckoos,Bees,,Cuckoos,1,66a428de01ccbc61556d585b
784,Canaries,Giraffes,(Hot Air) balloons,Canaries,,(Hot Air) balloons,1,66a428de01ccbc61556d585b
785,Doves,Foxes,Helicopters,Doves,,Helicopters,1,66a428de01ccbc61556d585b
786,(Hot Air) balloons,Elephants,Bumblebees,(Hot Air) balloons,,Bumblebees,1,66a428de01ccbc61556d585b
787,Canaries,Cats,Rockets,Canaries,,Rockets,1,66a428de01ccbc61556d585b
788,Mosquitoes,Toads,Pheasants,Mosquitoes,,Pheasants,1,66a428de01ccbc61556d585b
789,Cuckoos,Turkeys,Helicopters,Cuckoos,,Helicopters,0,66a428de01ccbc61556d585b
790,Bees,Squid,Chickadees,Bees,,Chickadees,1,66a428de01ccbc61556d585b
791,Pelicans,Ducks,Wasps,Pelicans,,Wasps,0,66a428de01ccbc61556d585b
792,Eagles,Clarinets,Airplanes,Eagles,,Airplanes,1,66a428de01ccbc61556d585b
793,Dragonflies,Tracksuits,Airplanes,Dragonflies,,Airplanes,1,66a428de01ccbc61556d585b
794,Pelicans,Donkeys,Airplanes,Pelicans,,Airplanes,1,66a428de01ccbc61556d585b
795,Airplanes,Rhinos,Crows,Airplanes,,Crows,1,66a428de01ccbc61556d585b
796,Cuckoos,Lizards,Horseflies,Cuckoos,,Horseflies,1,66a428de01ccbc61556d585b
797,Woodpeckers,Ducks,Bats,Woodpeckers,,Bats,0,66a428de01ccbc61556d585b
798,Cuckoos,Worms,Flies,Cuckoos,,Flies,1,66a428de01ccbc61556d585b
799,Butterflies,Hippos,Blackbirds,Butterflies,,Blackbirds,1,66a428de01ccbc61556d585b
800,Cuckoos,Go-carts,(Hot Air) balloons,Cuckoos,,(Hot Air) balloons,1,66a428de01ccbc61556d585b
801,Woodpeckers,Alligators,(Hot Air) balloons,Woodpeckers,,(Hot Air) balloons,1,66a428de01ccbc61556d585b
802,Woodpeckers,Hedgehogs,Bumblebees,Woodpeckers,,Bumblebees,1,66a428de01ccbc61556d585b
803,Bees,Grasshoppers,Airplanes,Bees,,Airplanes,1,66a428de01ccbc61556d585b
804,Magpies,Polar Bears,Zeppelins,Magpies,,Zeppelins,1,66a428de01ccbc61556d585b
840,Swallows,Llamas,Helicopters,Swallows,,Helicopters,0,60465205820f850f2dc6a810
841,Parakeets,Alligators,Zeppelins,Parakeets,,Zeppelins,0,60465205820f850f2dc6a810
842,Swallows,Wolves,Wasps,Swallows,,Wasps,0,60465205820f850f2dc6a810
843,Storks,Panties,Zeppelins,Storks,,Zeppelins,0,60465205820f850f2dc6a810
844,Dragonflies,Tracksuits,Airplanes,Dragonflies,,Airplanes,0,60465205820f850f2dc6a810
845,Bees,Jeans,Zeppelins,Bees,,Zeppelins,0,60465205820f850f2dc6a810
847,Eagles,Wolves,Flies,Eagles,,Flies,0,60465205820f850f2dc6a810
849,Pelicans,Donkeys,Airplanes,Pelicans,,Airplanes,0,60465205820f850f2dc6a810
850,Cuckoos,Lizards,Horseflies,Cuckoos,,Horseflies,0,60465205820f850f2dc6a810
851,Blackbirds,Organs,Airplanes,Blackbirds,,Airplanes,0,60465205820f850f2dc6a810
852,Fruit Flies,Beetles,Crows,Fruit Flies,,Crows,0,60465205820f850f2dc6a810
853,Pelicans,Elephants,Rockets,Pelicans,,Rockets,0,60465205820f850f2dc6a810
854,Storks,Jeans,Rockets,Storks,,Rockets,0,60465205820f850f2dc6a810
855,Owls,Rhinos,Wasps,Owls,,Wasps,0,60465205820f850f2dc6a810
856,Magpies,Carp,Zeppelins,Magpies,,Zeppelins,0,60465205820f850f2dc6a810
857,Herons,Pigs,Airplanes,Herons,,Airplanes,0,60465205820f850f2dc6a810
858,Falcons,Snakes,Helicopters,Falcons,,Helicopters,0,60465205820f850f2dc6a810
859,Canaries,Cats,Rockets,Canaries,,Rockets,0,60465205820f850f2dc6a810
860,Airplanes,Rhinos,Crows,Airplanes,,Crows,0,60465205820f850f2dc6a810
861,Horseflies,Pan flutes,(Hot Air) balloons,Horseflies,,(Hot Air) balloons,0,60465205820f850f2dc6a810
862,Canaries,Giraffes,(Hot Air) balloons,Canaries,,(Hot Air) balloons,1,60465205820f850f2dc6a810
863,Bees,Squid,Chickadees,Bees,,Chickadees,0,60465205820f850f2dc6a810
864,Zeppelins,Guitars,Bumblebees,Zeppelins,,Bumblebees,0,60465205820f850f2dc6a810
865,Butterflies,Hippos,Blackbirds,Butterflies,,Blackbirds,0,60465205820f850f2dc6a810
866,Parrots,Trumpets,Airplanes,Parrots,,Airplanes,0,60465205820f850f2dc6a810
867,Cuckoos,Accordions,(Hot Air) balloons,Cuckoos,,(Hot Air) balloons,0,60465205820f850f2dc6a810
868,Woodpeckers,Alligators,(Hot Air) balloons,Woodpeckers,,(Hot Air) balloons,0,60465205820f850f2dc6a810
869,Moths,Sheep,Storks,Moths,,Storks,0,60465205820f850f2dc6a810
870,Eagles,Cobras,Bats,Eagles,,Bats,0,60465205820f850f2dc6a810
871,Helicopters,Pots,Flies,Helicopters,,Flies,0,60465205820f850f2dc6a810
872,Bumblebees,Toads,Pelicans,Bumblebees,,Pelicans,0,60465205820f850f2dc6a810
873,Rockets,Colanders,Flies,Rockets,,Flies,0,60465205820f850f2dc6a810
874,Horseflies,Salamanders,Eagles,Horseflies,,Eagles,0,60465205820f850f2dc6a810
980,Cuckoos,Worms,Flies,Cuckoos,,Flies,1,5cfbf333ac28dd00196e807b
981,Mosquitoes,Toads,Pheasants,Mosquitoes,,Pheasants,1,5cfbf333ac28dd00196e807b
982,Robins,Turkeys,Mosquitoes,Robins,,Mosquitoes,0,5cfbf333ac28dd00196e807b
983,Parrots,Trumpets,Airplanes,Parrots,,Airplanes,1,5cfbf333ac28dd00196e807b
984,Canaries,Bison,Bees,Canaries,,Bees,1,5cfbf333ac28dd00196e807b
985,Bees,Squid,Chickadees,Bees,,Chickadees,1,5cfbf333ac28dd00196e807b
986,Bees,Grasshoppers,Airplanes,Bees,,Airplanes,1,5cfbf333ac28dd00196e807b
987,Sparrows,Saws,Rockets,Sparrows,,Rockets,1,5cfbf333ac28dd00196e807b
988,Horseflies,Swordfish,Rockets,Horseflies,,Rockets,1,5cfbf333ac28dd00196e807b
989,Storks,Jeans,Rockets,Storks,,Rockets,1,5cfbf333ac28dd00196e807b
990,Woodpeckers,Hedgehogs,Bumblebees,Woodpeckers,,Bumblebees,1,5cfbf333ac28dd00196e807b
991,Falcons,Snakes,Helicopters,Falcons,,Helicopters,1,5cfbf333ac28dd00196e807b
992,Horseflies,Frogs,Helicopters,Horseflies,,Helicopters,1,5cfbf333ac28dd00196e807b
993,Bumblebees,Toads,Pelicans,Bumblebees,,Pelicans,1,5cfbf333ac28dd00196e807b
994,Magpies,Turtles,Zeppelins,Magpies,,Zeppelins,1,5cfbf333ac28dd00196e807b
995,Moths,Rabbits,Helicopters,Moths,,Helicopters,1,5cfbf333ac28dd00196e807b
996,Seagulls,Pistols,Zeppelins,Seagulls,,Zeppelins,1,5cfbf333ac28dd00196e807b
997,Blackbirds,Bras,Airplanes,Blackbirds,,Airplanes,1,5cfbf333ac28dd00196e807b
998,Doves,Dolphins,Helicopters,Doves,,Helicopters,1,5cfbf333ac28dd00196e807b
999,Cuckoos,Accordions,(Hot Air) balloons,Cuckoos,,(Hot Air) balloons,1,5cfbf333ac28dd00196e807b
1000,Herons,Sheep,Airplanes,Herons,,Airplanes,1,5cfbf333ac28dd00196e807b
1001,Swallows,Piranhas,Rockets,Swallows,,Rockets,1,5cfbf333ac28dd00196e807b
1003,Sparrows,Alligators,Rockets,Sparrows,,Rockets,1,5cfbf333ac28dd00196e807b
1004,Sparrows,Snakes,Zeppelins,Sparrows,,Zeppelins,1,5cfbf333ac28dd00196e807b
1005,Robins,Penguins,Helicopters,Robins,,Helicopters,1,5cfbf333ac28dd00196e807b
1006,Owls,Rhinos,Wasps,Owls,,Wasps,1,5cfbf333ac28dd00196e807b
1007,Pelicans,Ducks,Wasps,Pelicans,,Wasps,1,5cfbf333ac28dd00196e807b
1008,Wasps,Snakes,Airplanes,Wasps,,Airplanes,1,5cfbf333ac28dd00196e807b
1009,Butterflies,Hippos,Blackbirds,Butterflies,,Blackbirds,1,5cfbf333ac28dd00196e807b
1010,Airplanes,Rhinos,Crows,Airplanes,,Crows,1,5cfbf333ac28dd00196e807b
1011,Canaries,Bassoons,Zeppelins,Canaries,,Zeppelins,1,5cfbf333ac28dd00196e807b
1012,Bumblebees,Tortoises,Rockets,Bumblebees,,Rockets,1,5cfbf333ac28dd00196e807b
1013,Bumblebees,Blouses,Airplanes,Bumblebees,,Airplanes,1,5cfbf333ac28dd00196e807b
1014,Woodpeckers,Hedgehogs,Dragonflies,Woodpeckers,,Dragonflies,1,5cfbf333ac28dd00196e807b
1050,Blackbirds,Hats,Airplanes,Blackbirds,,Airplanes,1,661b3299bf19db77d7412b86
1051,Bees,Grasshoppers,Airplanes,Bees,,Airplanes,1,661b3299bf19db77d7412b86
1052,Swallows,Piranhas,Rockets,Swallows,,Rockets,1,661b3299bf19db77d7412b86
1053,Eagles,Clarinets,Airplanes,Eagles,,Airplanes,1,661b3299bf19db77d7412b86
1054,Robins,Turkeys,Mosquitoes,Robins,,Mosquitoes,0,661b3299bf19db77d7412b86
1055,Canaries,Cats,Rockets,Canaries,,Rockets,1,661b3299bf19db77d7412b86
1056,Magpies,Carp,Zeppelins,Magpies,,Zeppelins,1,661b3299bf19db77d7412b86
1057,Cuckoos,Woks,Zeppelins,Cuckoos,,Zeppelins,1,661b3299bf19db77d7412b86
1058,Parrots,Trumpets,Airplanes,Parrots,,Airplanes,1,661b3299bf19db77d7412b86
1060,Horseflies,Pan flutes,(Hot Air) balloons,Horseflies,,(Hot Air) balloons,1,661b3299bf19db77d7412b86
1062,Fruit Flies,Beetles,Crows,Fruit Flies,,Crows,1,661b3299bf19db77d7412b86
1063,Pelicans,Donkeys,Airplanes,Pelicans,,Airplanes,1,661b3299bf19db77d7412b86
1064,Magpies,Polar Bears,Zeppelins,Magpies,,Zeppelins,1,661b3299bf19db77d7412b86
1065,Blackbirds,Organs,Airplanes,Blackbirds,,Airplanes,1,661b3299bf19db77d7412b86
1066,Butterflies,Hippos,Blackbirds,Butterflies,,Blackbirds,1,661b3299bf19db77d7412b86
1067,Swallows,Wolves,Wasps,Swallows,,Wasps,1,661b3299bf19db77d7412b86
1068,Swallows,Llamas,Helicopters,Swallows,,Helicopters,1,661b3299bf19db77d7412b86
1069,Horseflies,Swordfish,Rockets,Horseflies,,Rockets,1,661b3299bf19db77d7412b86
1070,Owls,Caimans,Zeppelins,Owls,,Zeppelins,1,661b3299bf19db77d7412b86
1071,Bees,Jeans,Zeppelins,Bees,,Zeppelins,1,661b3299bf19db77d7412b86
1072,Falcons,Ducks,(Hot Air) balloons,Falcons,,(Hot Air) balloons,0,661b3299bf19db77d7412b86
1073,Doves,Foxes,Helicopters,Doves,,Helicopters,1,661b3299bf19db77d7412b86
1074,Flies,Rays,Parakeets,Flies,,Parakeets,1,661b3299bf19db77d7412b86
1075,Doves,Dolphins,Helicopters,Doves,,Helicopters,1,661b3299bf19db77d7412b86
1076,Canaries,Giraffes,(Hot Air) balloons,Canaries,,(Hot Air) balloons,1,661b3299bf19db77d7412b86
1077,Helicopters,Pots,Flies,Helicopters,,Flies,1,661b3299bf19db77d7412b86
1078,Cuckoos,Lizards,Horseflies,Cuckoos,,Horseflies,1,661b3299bf19db77d7412b86
1079,Seagulls,Pistols,Zeppelins,Seagulls,,Zeppelins,1,661b3299bf19db77d7412b86
1080,Herons,Sheep,Airplanes,Herons,,Airplanes,1,661b3299bf19db77d7412b86
1081,Sparrows,Snakes,Zeppelins,Sparrows,,Zeppelins,1,661b3299bf19db77d7412b86
1082,Bats,Iguanas,Butterflies,Bats,,Butterflies,1,661b3299bf19db77d7412b86
1083,Storks,Panties,Zeppelins,Storks,,Zeppelins,1,661b3299bf19db77d7412b86
1084,Cuckoos,Worms,Flies,Cuckoos,,Flies,1,661b3299bf19db77d7412b86
1260,Swallows,Piranhas,Rockets,Swallows,,Rockets,0,5c50efd2cc71f4000125ce0d
1261,Flies,Pistols,Helicopters,Flies,,Helicopters,1,5c50efd2cc71f4000125ce0d
1262,Horseflies,Salamanders,Eagles,Horseflies,,Eagles,0,5c50efd2cc71f4000125ce0d
1263,Herons,Pigs,Airplanes,Herons,,Airplanes,1,5c50efd2cc71f4000125ce0d
1264,Parrots,Trumpets,Airplanes,Parrots,,Airplanes,0,5c50efd2cc71f4000125ce0d
1266,Falcons,Ducks,(Hot Air) balloons,Falcons,,(Hot Air) balloons,1,5c50efd2cc71f4000125ce0d
1267,Bees,Squid,Chickadees,Bees,,Chickadees,1,5c50efd2cc71f4000125ce0d
1268,Bumblebees,Toads,Pelicans,Bumblebees,,Pelicans,1,5c50efd2cc71f4000125ce0d
1269,Magpies,Polar Bears,Zeppelins,Magpies,,Zeppelins,0,5c50efd2cc71f4000125ce0d
1270,Wasps,Snakes,Airplanes,Wasps,,Airplanes,0,5c50efd2cc71f4000125ce0d
1271,Moths,Sheep,Storks,Moths,,Storks,0,5c50efd2cc71f4000125ce0d
1272,Horseflies,Pan flutes,(Hot Air) balloons,Horseflies,,(Hot Air) balloons,0,5c50efd2cc71f4000125ce0d
1273,Cuckoos,Accordions,(Hot Air) balloons,Cuckoos,,(Hot Air) balloons,1,5c50efd2cc71f4000125ce0d
1274,Owls,Caimans,Zeppelins,Owls,,Zeppelins,1,5c50efd2cc71f4000125ce0d
1275,Bees,Llamas,Cuckoos,Bees,,Cuckoos,0,5c50efd2cc71f4000125ce0d
1276,Sparrows,Snakes,Zeppelins,Sparrows,,Zeppelins,1,5c50efd2cc71f4000125ce0d
1277,Mosquitoes,Toads,Pheasants,Mosquitoes,,Pheasants,1,5c50efd2cc71f4000125ce0d
1278,Blackbirds,Organs,Airplanes,Blackbirds,,Airplanes,1,5c50efd2cc71f4000125ce0d
1279,Pelicans,Donkeys,Airplanes,Pelicans,,Airplanes,0,5c50efd2cc71f4000125ce0d
1280,Magpies,Carp,Zeppelins,Magpies,,Zeppelins,0,5c50efd2cc71f4000125ce0d
1281,Bumblebees,Tortoises,Rockets,Bumblebees,,Rockets,0,5c50efd2cc71f4000125ce0d
1282,Cuckoos,Worms,Flies,Cuckoos,,Flies,0,5c50efd2cc71f4000125ce0d
1283,Horseflies,Frogs,Helicopters,Horseflies,,Helicopters,0,5c50efd2cc71f4000125ce0d
1284,Bats,Iguanas,Butterflies,Bats,,Butterflies,1,5c50efd2cc71f4000125ce0d
1285,Cuckoos,Woks,Zeppelins,Cuckoos,,Zeppelins,0,5c50efd2cc71f4000125ce0d
1286,Airplanes,Rhinos,Crows,Airplanes,,Crows,0,5c50efd2cc71f4000125ce0d
1287,Storks,Jeans,Rockets,Storks,,Rockets,0,5c50efd2cc71f4000125ce0d
1288,Sparrows,Saws,Rockets,Sparrows,,Rockets,0,5c50efd2cc71f4000125ce0d
1289,Parakeets,Alligators,Zeppelins,Parakeets,,Zeppelins,1,5c50efd2cc71f4000125ce0d
1290,Falcons,Snakes,Helicopters,Falcons,,Helicopters,1,5c50efd2cc71f4000125ce0d
1291,Robins,Snakes,Helicopters,Robins,,Helicopters,0,5c50efd2cc71f4000125ce0d
1292,Fruit Flies,Beetles,Crows,Fruit Flies,,Crows,1,5c50efd2cc71f4000125ce0d
1294,Woodpeckers,Ducks,Bats,Woodpeckers,,Bats,1,5c50efd2cc71f4000125ce0d
1295,Horseflies,Pan flutes,(Hot Air) balloons,Horseflies,,(Hot Air) balloons,1,5ee4aab1232e9d1b4d791bae
1296,Fruit Flies,Dolphins,(Hot Air) balloons,Fruit Flies,,(Hot Air) balloons,1,5ee4aab1232e9d1b4d791bae
1297,Owls,Caimans,Zeppelins,Owls,,Zeppelins,0,5ee4aab1232e9d1b4d791bae
1298,Eagles,Wolves,Flies,Eagles,,Flies,1,5ee4aab1232e9d1b4d791bae
1299,Bees,Grasshoppers,Airplanes,Bees,,Airplanes,0,5ee4aab1232e9d1b4d791bae
1300,Flies,Pistols,Helicopters,Flies,,Helicopters,1,5ee4aab1232e9d1b4d791bae
1301,Fruit Flies,Beetles,Crows,Fruit Flies,,Crows,1,5ee4aab1232e9d1b4d791bae
1302,Rockets,Colanders,Flies,Rockets,,Flies,1,5ee4aab1232e9d1b4d791bae
1303,Doves,Foxes,Helicopters,Doves,,Helicopters,1,5ee4aab1232e9d1b4d791bae
1304,Bees,Squid,Chickadees,Bees,,Chickadees,1,5ee4aab1232e9d1b4d791bae
1305,Cuckoos,Bass guitars,(Hot Air) balloons,Cuckoos,,(Hot Air) balloons,1,5ee4aab1232e9d1b4d791bae
1306,Magpies,Polar Bears,Zeppelins,Magpies,,Zeppelins,1,5ee4aab1232e9d1b4d791bae
1307,Eagles,Clarinets,Airplanes,Eagles,,Airplanes,1,5ee4aab1232e9d1b4d791bae
1308,Owls,Rhinos,Wasps,Owls,,Wasps,1,5ee4aab1232e9d1b4d791bae
1309,Woodpeckers,Hedgehogs,Bumblebees,Woodpeckers,,Bumblebees,1,5ee4aab1232e9d1b4d791bae
1310,Airplanes,Rhinos,Crows,Airplanes,,Crows,1,5ee4aab1232e9d1b4d791bae
1311,Canaries,Cats,Rockets,Canaries,,Rockets,1,5ee4aab1232e9d1b4d791bae
1312,Sparrows,Alligators,Rockets,Sparrows,,Rockets,1,5ee4aab1232e9d1b4d791bae
1314,Pelicans,Ducks,Wasps,Pelicans,,Wasps,0,5ee4aab1232e9d1b4d791bae
1315,Pelicans,Elephants,Rockets,Pelicans,,Rockets,1,5ee4aab1232e9d1b4d791bae
1316,Falcons,Ducks,(Hot Air) balloons,Falcons,,(Hot Air) balloons,0,5ee4aab1232e9d1b4d791bae
1317,Flies,Rays,Parakeets,Flies,,Parakeets,1,5ee4aab1232e9d1b4d791bae
1318,Robins,Penguins,Helicopters,Robins,,Helicopters,1,5ee4aab1232e9d1b4d791bae
1319,Swallows,Wolves,Wasps,Swallows,,Wasps,1,5ee4aab1232e9d1b4d791bae
1321,Storks,Panties,Zeppelins,Storks,,Zeppelins,1,5ee4aab1232e9d1b4d791bae
1322,Zeppelins,Guitars,Bumblebees,Zeppelins,,Bumblebees,1,5ee4aab1232e9d1b4d791bae
1323,Woodpeckers,Hedgehogs,Dragonflies,Woodpeckers,,Dragonflies,1,5ee4aab1232e9d1b4d791bae
1324,Parakeets,Alligators,Zeppelins,Parakeets,,Zeppelins,1,5ee4aab1232e9d1b4d791bae
1325,Robins,Turkeys,Mosquitoes,Robins,,Mosquitoes,0,5ee4aab1232e9d1b4d791bae
1326,Sparrows,Snakes,Zeppelins,Sparrows,,Zeppelins,1,5ee4aab1232e9d1b4d791bae
1327,Helicopters,Pots,Flies,Helicopters,,Flies,1,5ee4aab1232e9d1b4d791bae
1328,Bumblebees,Blouses,Airplanes,Bumblebees,,Airplanes,1,5ee4aab1232e9d1b4d791bae
1329,Bees,Llamas,Cuckoos,Bees,,Cuckoos,1,5ee4aab1232e9d1b4d791bae
1330,Moths,Rabbits,Helicopters,Moths,,Helicopters,1,612569afac9baa5313aa08a7
1331,Woodpeckers,Alligators,(Hot Air) balloons,Woodpeckers,,(Hot Air) balloons,1,612569afac9baa5313aa08a7
1332,Horseflies,Salamanders,Eagles,Horseflies,,Eagles,1,612569afac9baa5313aa08a7
1333,Robins,Snakes,Helicopters,Robins,,Helicopters,1,612569afac9baa5313aa08a7
1334,(Hot Air) balloons,Elephants,Bumblebees,(Hot Air) balloons,,Bumblebees,1,612569afac9baa5313aa08a7
1335,Swallows,Piranhas,Rockets,Swallows,,Rockets,1,612569afac9baa5313aa08a7
1336,Woodpeckers,Ducks,Bats,Woodpeckers,,Bats,0,612569afac9baa5313aa08a7
1337,Horseflies,Swordfish,Rockets,Horseflies,,Rockets,1,612569afac9baa5313aa08a7
1338,Fruit Flies,Beetles,Crows,Fruit Flies,,Crows,1,612569afac9baa5313aa08a7
1339,Chickadees,Levels,Rockets,Chickadees,,Rockets,0,612569afac9baa5313aa08a7
1340,Doves,Foxes,Helicopters,Doves,,Helicopters,1,612569afac9baa5313aa08a7
1341,Blackbirds,Hats,Airplanes,Blackbirds,,Airplanes,1,612569afac9baa5313aa08a7
1342,Pelicans,Donkeys,Airplanes,Pelicans,,Airplanes,1,612569afac9baa5313aa08a7
1343,Cuckoos,Worms,Flies,Cuckoos,,Flies,0,612569afac9baa5313aa08a7
1344,Cuckoos,Woks,Zeppelins,Cuckoos,,Zeppelins,1,612569afac9baa5313aa08a7
1345,Fruit Flies,Dolphins,(Hot Air) balloons,Fruit Flies,,(Hot Air) balloons,1,612569afac9baa5313aa08a7
1346,Rockets,Colanders,Flies,Rockets,,Flies,1,612569afac9baa5313aa08a7
1347,Helicopters,Pots,Flies,Helicopters,,Flies,1,612569afac9baa5313aa08a7
1348,Storks,Panties,Zeppelins,Storks,,Zeppelins,1,612569afac9baa5313aa08a7
1350,Swallows,Wolves,Wasps,Swallows,,Wasps,0,612569afac9baa5313aa08a7
1351,Pelicans,Elephants,Rockets,Pelicans,,Rockets,1,612569afac9baa5313aa08a7
1352,Sparrows,Saws,Rockets,Sparrows,,Rockets,1,612569afac9baa5313aa08a7
1353,Bees,Squid,Chickadees,Bees,,Chickadees,0,612569afac9baa5313aa08a7
1354,Owls,Caimans,Zeppelins,Owls,,Zeppelins,1,612569afac9baa5313aa08a7
1355,Pheasants,Boots,(Hot Air) balloons,Pheasants,,(Hot Air) balloons,1,612569afac9baa5313aa08a7
1356,Zeppelins,Guitars,Bumblebees,Zeppelins,,Bumblebees,1,612569afac9baa5313aa08a7
1357,Bees,Llamas,Cuckoos,Bees,,Cuckoos,1,612569afac9baa5313aa08a7
1358,Cuckoos,Accordions,(Hot Air) balloons,Cuckoos,,(Hot Air) balloons,1,612569afac9baa5313aa08a7
1359,Canaries,Cats,Rockets,Canaries,,Rockets,1,612569afac9baa5313aa08a7
1360,Parakeets,Alligators,Zeppelins,Parakeets,,Zeppelins,1,612569afac9baa5313aa08a7
1361,Owls,Rhinos,Wasps,Owls,,Wasps,1,612569afac9baa5313aa08a7
1362,Magpies,Carp,Zeppelins,Magpies,,Zeppelins,1,612569afac9baa5313aa08a7
1363,Sparrows,Alligators,Rockets,Sparrows,,Rockets,1,612569afac9baa5313aa08a7
1364,Canaries,Bison,Bees,Canaries,,Bees,1,612569afac9baa5313aa08a7
1400,Canaries,Giraffes,(Hot Air) balloons,Canaries,,(Hot Air) balloons,0,5ef877bb6b0ed15b3f6ae106
1401,Rockets,Colanders,Flies,Rockets,,Flies,1,5ef877bb6b0ed15b3f6ae106
1402,Airplanes,Rhinos,Crows,Airplanes,,Crows,0,5ef877bb6b0ed15b3f6ae106
1403,Seagulls,Pistols,Zeppelins,Seagulls,,Zeppelins,1,5ef877bb6b0ed15b3f6ae106
1404,Horseflies,Pan flutes,(Hot Air) balloons,Horseflies,,(Hot Air) balloons,0,5ef877bb6b0ed15b3f6ae106
1405,Cuckoos,Bass guitars,(Hot Air) balloons,Cuckoos,,(Hot Air) balloons,0,5ef877bb6b0ed15b3f6ae106
1406,Butterflies,Hippos,Blackbirds,Butterflies,,Blackbirds,0,5ef877bb6b0ed15b3f6ae106
1407,Bumblebees,Blouses,Airplanes,Bumblebees,,Airplanes,1,5ef877bb6b0ed15b3f6ae106
1408,Blackbirds,Hats,Airplanes,Blackbirds,,Airplanes,0,5ef877bb6b0ed15b3f6ae106
1409,Swallows,Llamas,Helicopters,Swallows,,Helicopters,0,5ef877bb6b0ed15b3f6ae106
1410,Pelicans,Donkeys,Airplanes,Pelicans,,Airplanes,1,5ef877bb6b0ed15b3f6ae106
1411,Swallows,Wolves,Wasps,Swallows,,Wasps,0,5ef877bb6b0ed15b3f6ae106
1412,Falcons,Ducks,(Hot Air) balloons,Falcons,,(Hot Air) balloons,0,5ef877bb6b0ed15b3f6ae106
1413,Horseflies,Frogs,Helicopters,Horseflies,,Helicopters,0,5ef877bb6b0ed15b3f6ae106
1414,Helicopters,Pots,Flies,Helicopters,,Flies,1,5ef877bb6b0ed15b3f6ae106
1415,Chickadees,Levels,Rockets,Chickadees,,Rockets,1,5ef877bb6b0ed15b3f6ae106
1416,Magpies,Turtles,Zeppelins,Magpies,,Zeppelins,0,5ef877bb6b0ed15b3f6ae106
1417,Parrots,Trumpets,Airplanes,Parrots,,Airplanes,1,5ef877bb6b0ed15b3f6ae106
1418,Moths,Sheep,Storks,Moths,,Storks,0,5ef877bb6b0ed15b3f6ae106
1419,Cuckoos,Turkeys,Helicopters,Cuckoos,,Helicopters,0,5ef877bb6b0ed15b3f6ae106
1420,Sparrows,Saws,Rockets,Sparrows,,Rockets,1,5ef877bb6b0ed15b3f6ae106
1421,Bees,Jeans,Zeppelins,Bees,,Zeppelins,1,5ef877bb6b0ed15b3f6ae106
1422,Bats,Iguanas,Butterflies,Bats,,Butterflies,1,5ef877bb6b0ed15b3f6ae106
1423,Bees,Grasshoppers,Airplanes,Bees,,Airplanes,1,5ef877bb6b0ed15b3f6ae106
1424,Falcons,Snakes,Helicopters,Falcons,,Helicopters,1,5ef877bb6b0ed15b3f6ae106
1425,Blackbirds,Organs,Airplanes,Blackbirds,,Airplanes,1,5ef877bb6b0ed15b3f6ae106
1426,Dragonflies,Tracksuits,Airplanes,Dragonflies,,Airplanes,1,5ef877bb6b0ed15b3f6ae106
1427,Fruit Flies,Dolphins,(Hot Air) balloons,Fruit Flies,,(Hot Air) balloons,0,5ef877bb6b0ed15b3f6ae106
1428,Eagles,Cobras,Bats,Eagles,,Bats,0,5ef877bb6b0ed15b3f6ae106
1429,Herons,Sheep,Airplanes,Herons,,Airplanes,0,5ef877bb6b0ed15b3f6ae106
1430,Moths,Rabbits,Helicopters,Moths,,Helicopters,1,5ef877bb6b0ed15b3f6ae106
1431,Storks,Jeans,Rockets,Storks,,Rockets,1,5ef877bb6b0ed15b3f6ae106
1432,Canaries,Bassoons,Zeppelins,Canaries,,Zeppelins,0,5ef877bb6b0ed15b3f6ae106
1433,Cuckoos,Worms,Flies,Cuckoos,,Flies,0,5ef877bb6b0ed15b3f6ae106
1434,Robins,Snakes,Helicopters,Robins,,Helicopters,0,5ef877bb6b0ed15b3f6ae106
1435,(Hot Air) balloons,Elephants,Bumblebees,(Hot Air) balloons,,Bumblebees,0,6396044f6ae489bb820c67a5
1436,Butterflies,Hippos,Blackbirds,Butterflies,,Blackbirds,0,6396044f6ae489bb820c67a5
1437,Eagles,Clarinets,Airplanes,Eagles,,Airplanes,0,6396044f6ae489bb820c67a5
1438,Eagles,Cobras,Bats,Eagles,,Bats,0,6396044f6ae489bb820c67a5
1439,Dragonflies,Tracksuits,Airplanes,Dragonflies,,Airplanes,0,6396044f6ae489bb820c67a5
1440,Horseflies,Pan flutes,(Hot Air) balloons,Horseflies,,(Hot Air) balloons,0,6396044f6ae489bb820c67a5
1441,Owls,Caimans,Zeppelins,Owls,,Zeppelins,0,6396044f6ae489bb820c67a5
1442,Falcons,Ducks,(Hot Air) balloons,Falcons,,(Hot Air) balloons,1,6396044f6ae489bb820c67a5
1443,Doves,Foxes,Helicopters,Doves,,Helicopters,1,6396044f6ae489bb820c67a5
1444,Bees,Jeans,Zeppelins,Bees,,Zeppelins,0,6396044f6ae489bb820c67a5
1445,Canaries,Bison,Bees,Canaries,,Bees,0,6396044f6ae489bb820c67a5
1446,Bats,Iguanas,Butterflies,Bats,,Butterflies,0,6396044f6ae489bb820c67a5
1447,Moths,Rabbits,Helicopters,Moths,,Helicopters,0,6396044f6ae489bb820c67a5
1448,Robins,Snakes,Helicopters,Robins,,Helicopters,0,6396044f6ae489bb820c67a5
1449,Storks,Jeans,Rockets,Storks,,Rockets,0,6396044f6ae489bb820c67a5
1450,Cuckoos,Turkeys,Helicopters,Cuckoos,,Helicopters,0,6396044f6ae489bb820c67a5
1451,Moths,Camels,Canaries,Moths,,Canaries,1,6396044f6ae489bb820c67a5
1452,Sparrows,Alligators,Rockets,Sparrows,,Rockets,0,6396044f6ae489bb820c67a5
1453,Fruit Flies,Dolphins,(Hot Air) balloons,Fruit Flies,,(Hot Air) balloons,0,6396044f6ae489bb820c67a5
1454,Rockets,Colanders,Flies,Rockets,,Flies,0,6396044f6ae489bb820c67a5
1455,Woodpeckers,Hedgehogs,Bumblebees,Woodpeckers,,Bumblebees,1,6396044f6ae489bb820c67a5
1456,Magpies,Polar Bears,Zeppelins,Magpies,,Zeppelins,1,6396044f6ae489bb820c67a5
1457,Magpies,Turtles,Zeppelins,Magpies,,Zeppelins,1,6396044f6ae489bb820c67a5
1458,Swallows,Piranhas,Rockets,Swallows,,Rockets,0,6396044f6ae489bb820c67a5
1459,Horseflies,Frogs,Helicopters,Horseflies,,Helicopters,1,6396044f6ae489bb820c67a5
1461,Cuckoos,Bass guitars,(Hot Air) balloons,Cuckoos,,(Hot Air) balloons,0,6396044f6ae489bb820c67a5
1462,Seagulls,Pistols,Zeppelins,Seagulls,,Zeppelins,0,6396044f6ae489bb820c67a5
1463,Sparrows,Saws,Rockets,Sparrows,,Rockets,0,6396044f6ae489bb820c67a5
1464,Blackbirds,Bras,Airplanes,Blackbirds,,Airplanes,1,6396044f6ae489bb820c67a5
1465,Magpies,Carp,Zeppelins,Magpies,,Zeppelins,1,6396044f6ae489bb820c67a5
1466,Fruit Flies,Beetles,Crows,Fruit Flies,,Crows,1,6396044f6ae489bb820c67a5
1467,Parrots,Trumpets,Airplanes,Parrots,,Airplanes,0,6396044f6ae489bb820c67a5
1468,Cuckoos,Woks,Zeppelins,Cuckoos,,Zeppelins,1,6396044f6ae489bb820c67a5
1469,Parakeets,Alligators,Zeppelins,Parakeets,,Zeppelins,1,6396044f6ae489bb820c67a5
1470,Magpies,Turtles,Zeppelins,Magpies,,Zeppelins,0,5d37ad921c16bb0015281337
1471,Herons,Sheep,Airplanes,Herons,,Airplanes,0,5d37ad921c16bb0015281337
1472,Woodpeckers,Hedgehogs,Bumblebees,Woodpeckers,,Bumblebees,0,5d37ad921c16bb0015281337
1473,Horseflies,Frogs,Helicopters,Horseflies,,Helicopters,0,5d37ad921c16bb0015281337
1474,Cuckoos,Lizards,Horseflies,Cuckoos,,Horseflies,1,5d37ad921c16bb0015281337
1475,Dragonflies,Tracksuits,Airplanes,Dragonflies,,Airplanes,0,5d37ad921c16bb0015281337
1476,Fruit Flies,Dolphins,(Hot Air) balloons,Fruit Flies,,(Hot Air) balloons,0,5d37ad921c16bb0015281337
1477,Parakeets,Alligators,Zeppelins,Parakeets,,Zeppelins,0,5d37ad921c16bb0015281337
1478,Bees,Squid,Chickadees,Bees,,Chickadees,0,5d37ad921c16bb0015281337
1479,Bees,Jeans,Zeppelins,Bees,,Zeppelins,1,5d37ad921c16bb0015281337
1480,Magpies,Polar Bears,Zeppelins,Magpies,,Zeppelins,0,5d37ad921c16bb0015281337
1481,Helicopters,Pots,Flies,Helicopters,,Flies,1,5d37ad921c16bb0015281337
1482,Robins,Snakes,Helicopters,Robins,,Helicopters,0,5d37ad921c16bb0015281337
1483,Herons,Pigs,Airplanes,Herons,,Airplanes,1,5d37ad921c16bb0015281337
1484,Bumblebees,Blouses,Airplanes,Bumblebees,,Airplanes,1,5d37ad921c16bb0015281337
1485,Horseflies,Swordfish,Rockets,Horseflies,,Rockets,0,5d37ad921c16bb0015281337
1486,Magpies,Carp,Zeppelins,Magpies,,Zeppelins,1,5d37ad921c16bb0015281337
1487,Pelicans,Ducks,Wasps,Pelicans,,Wasps,1,5d37ad921c16bb0015281337
1488,Zeppelins,Guitars,Bumblebees,Zeppelins,,Bumblebees,1,5d37ad921c16bb0015281337
1489,Swallows,Llamas,Helicopters,Swallows,,Helicopters,1,5d37ad921c16bb0015281337
1490,Flies,Pistols,Helicopters,Flies,,Helicopters,1,5d37ad921c16bb0015281337
1491,Cuckoos,Go-carts,(Hot Air) balloons,Cuckoos,,(Hot Air) balloons,1,5d37ad921c16bb0015281337
1492,Canaries,Cats,Rockets,Canaries,,Rockets,1,5d37ad921c16bb0015281337
1493,Eagles,Wolves,Flies,Eagles,,Flies,1,5d37ad921c16bb0015281337
1494,Bumblebees,Toads,Pelicans,Bumblebees,,Pelicans,0,5d37ad921c16bb0015281337
1495,Rockets,Colanders,Flies,Rockets,,Flies,1,5d37ad921c16bb0015281337
1496,Cuckoos,Worms,Flies,Cuckoos,,Flies,1,5d37ad921c16bb0015281337
1497,Eagles,Clarinets,Airplanes,Eagles,,Airplanes,1,5d37ad921c16bb0015281337
1498,Storks,Jeans,Rockets,Storks,,Rockets,0,5d37ad921c16bb0015281337
1499,Horseflies,Pan flutes,(Hot Air) balloons,Horseflies,,(Hot Air) balloons,1,5d37ad921c16bb0015281337
1500,Woodpeckers,Hedgehogs,Dragonflies,Woodpeckers,,Dragonflies,1,5d37ad921c16bb0015281337
1501,Sparrows,Snakes,Zeppelins,Sparrows,,Zeppelins,1,5d37ad921c16bb0015281337
1502,Chickadees,Levels,Rockets,Chickadees,,Rockets,1,5d37ad921c16bb0015281337
1503,Sparrows,Alligators,Rockets,Sparrows,,Rockets,0,5d37ad921c16bb0015281337
1504,Cuckoos,Accordions,(Hot Air) balloons,Cuckoos,,(Hot Air) balloons,1,5d37ad921c16bb0015281337
1540,Sparrows,Alligators,Rockets,Sparrows,,Rockets,1,639f294882a3797f77a3dd81
1541,Fruit Flies,Beetles,Crows,Fruit Flies,,Crows,1,639f294882a3797f77a3dd81
1542,Cuckoos,Lizards,Horseflies,Cuckoos,,Horseflies,1,639f294882a3797f77a3dd81
1543,Horseflies,Pan flutes,(Hot Air) balloons,Horseflies,,(Hot Air) balloons,1,639f294882a3797f77a3dd81
1544,Herons,Sheep,Airplanes,Herons,,Airplanes,1,639f294882a3797f77a3dd81
1545,Moths,Sheep,Storks,Moths,,Storks,1,639f294882a3797f77a3dd81
1546,Pheasants,Boots,(Hot Air) balloons,Pheasants,,(Hot Air) balloons,1,639f294882a3797f77a3dd81
1547,Blackbirds,Bras,Airplanes,Blackbirds,,Airplanes,1,639f294882a3797f77a3dd81
1548,Cuckoos,Woks,Zeppelins,Cuckoos,,Zeppelins,1,639f294882a3797f77a3dd81
1549,Magpies,Carp,Zeppelins,Magpies,,Zeppelins,1,639f294882a3797f77a3dd81
1550,Horseflies,Frogs,Helicopters,Horseflies,,Helicopters,1,639f294882a3797f77a3dd81
1551,Swallows,Wolves,Wasps,Swallows,,Wasps,1,639f294882a3797f77a3dd81
1552,Storks,Panties,Zeppelins,Storks,,Zeppelins,1,639f294882a3797f77a3dd81
1553,Woodpeckers,Hedgehogs,Bumblebees,Woodpeckers,,Bumblebees,1,639f294882a3797f77a3dd81
1554,Moths,Rabbits,Helicopters,Moths,,Helicopters,1,639f294882a3797f77a3dd81
1555,(Hot Air) balloons,Elephants,Bumblebees,(Hot Air) balloons,,Bumblebees,1,639f294882a3797f77a3dd81
1556,Bumblebees,Blouses,Airplanes,Bumblebees,,Airplanes,1,639f294882a3797f77a3dd81
1557,Bumblebees,Tortoises,Rockets,Bumblebees,,Rockets,1,639f294882a3797f77a3dd81
1558,Horseflies,Salamanders,Eagles,Horseflies,,Eagles,1,639f294882a3797f77a3dd81
1559,Parrots,Trumpets,Airplanes,Parrots,,Airplanes,1,639f294882a3797f77a3dd81
1560,Bats,Iguanas,Butterflies,Bats,,Butterflies,1,639f294882a3797f77a3dd81
1561,Robins,Turkeys,Mosquitoes,Robins,,Mosquitoes,1,639f294882a3797f77a3dd81
1562,Doves,Foxes,Helicopters,Doves,,Helicopters,1,639f294882a3797f77a3dd81
1563,Woodpeckers,Hedgehogs,Dragonflies,Woodpeckers,,Dragonflies,1,639f294882a3797f77a3dd81
1564,Zeppelins,Guitars,Bumblebees,Zeppelins,,Bumblebees,1,639f294882a3797f77a3dd81
1565,Bees,Squid,Chickadees,Bees,,Chickadees,1,639f294882a3797f77a3dd81
1566,Robins,Snakes,Helicopters,Robins,,Helicopters,1,639f294882a3797f77a3dd81
1567,Helicopters,Pots,Flies,Helicopters,,Flies,0,639f294882a3797f77a3dd81
1568,Sparrows,Saws,Rockets,Sparrows,,Rockets,1,639f294882a3797f77a3dd81
1569,Moths,Camels,Canaries,Moths,,Canaries,1,639f294882a3797f77a3dd81
1570,Wasps,Snakes,Airplanes,Wasps,,Airplanes,1,639f294882a3797f77a3dd81
1571,Butterflies,Hippos,Blackbirds,Butterflies,,Blackbirds,1,639f294882a3797f77a3dd81
1572,Parakeets,Alligators,Zeppelins,Parakeets,,Zeppelins,1,639f294882a3797f77a3dd81
1573,Blackbirds,Organs,Airplanes,Blackbirds,,Airplanes,1,639f294882a3797f77a3dd81
1574,Dragonflies,Tracksuits,Airplanes,Dragonflies,,Airplanes,1,639f294882a3797f77a3dd81
1645,Sparrows,Saws,Rockets,Sparrows,,Rockets,0,5499-7425-7275
1646,Flies,Rays,Parakeets,Flies,,Parakeets,1,5499-7425-7275
1647,Swallows,Llamas,Helicopters,Swallows,,Helicopters,1,5499-7425-7275
1649,Herons,Sheep,Airplanes,Herons,,Airplanes,1,5499-7425-7275
1650,Falcons,Snakes,Helicopters,Falcons,,Helicopters,1,5499-7425-7275
1651,Cuckoos,Go-carts,(Hot Air) balloons,Cuckoos,,(Hot Air) balloons,0,5499-7425-7275
1652,Storks,Jeans,Rockets,Storks,,Rockets,1,5499-7425-7275
1653,Sparrows,Snakes,Zeppelins,Sparrows,,Zeppelins,1,5499-7425-7275
1654,Cuckoos,Bass guitars,(Hot Air) balloons,Cuckoos,,(Hot Air) balloons,1,5499-7425-7275
1656,Owls,Monkeys,Mosquitoes,Owls,,Mosquitoes,1,5499-7425-7275
1657,Horseflies,Pan flutes,(Hot Air) balloons,Horseflies,,(Hot Air) balloons,1,5499-7425-7275
1658,Woodpeckers,Ducks,Bats,Woodpeckers,,Bats,1,5499-7425-7275
1659,Blackbirds,Bras,Airplanes,Blackbirds,,Airplanes,1,5499-7425-7275
1660,Doves,Dolphins,Helicopters,Doves,,Helicopters,1,5499-7425-7275
1661,Airplanes,Rhinos,Crows,Airplanes,,Crows,1,5499-7425-7275
1662,Pelicans,Elephants,Rockets,Pelicans,,Rockets,0,5499-7425-7275
1664,Mosquitoes,Toads,Pheasants,Mosquitoes,,Pheasants,1,5499-7425-7275
1665,Herons,Pigs,Airplanes,Herons,,Airplanes,1,5499-7425-7275
1666,Storks,Panties,Zeppelins,Storks,,Zeppelins,1,5499-7425-7275
1667,Bumblebees,Toads,Pelicans,Bumblebees,,Pelicans,1,5499-7425-7275
1668,Owls,Rhinos,Wasps,Owls,,Wasps,1,5499-7425-7275
1669,Flies,Pistols,Helicopters,Flies,,Helicopters,1,5499-7425-7275
1670,Parakeets,Alligators,Zeppelins,Parakeets,,Zeppelins,1,5499-7425-7275
1671,Helicopters,Pots,Flies,Helicopters,,Flies,1,5499-7425-7275
1672,Sparrows,Alligators,Rockets,Sparrows,,Rockets,1,5499-7425-7275
1673,Pelicans,Donkeys,Airplanes,Pelicans,,Airplanes,1,5499-7425-7275
1674,Moths,Rabbits,Helicopters,Moths,,Helicopters,1,5499-7425-7275
1675,Bees,Grasshoppers,Airplanes,Bees,,Airplanes,1,5499-7425-7275
1676,Magpies,Turtles,Zeppelins,Magpies,,Zeppelins,1,5499-7425-7275
1677,Dragonflies,Tracksuits,Airplanes,Dragonflies,,Airplanes,1,5499-7425-7275
1678,Woodpeckers,Hedgehogs,Bumblebees,Woodpeckers,,Bumblebees,1,5499-7425-7275
1679,Cuckoos,Accordions,(Hot Air) balloons,Cuckoos,,(Hot Air) balloons,1,5499-7425-7275
1680,(Hot Air) balloons,Elephants,Bumblebees,(Hot Air) balloons,,Bumblebees,0,66f4ac3610034d063f63c38e
1681,Cuckoos,Lizards,Horseflies,Cuckoos,,Horseflies,1,66f4ac3610034d063f63c38e
1682,Sparrows,Snakes,Zeppelins,Sparrows,,Zeppelins,1,66f4ac3610034d063f63c38e
1683,Bumblebees,Toads,Pelicans,Bumblebees,,Pelicans,1,66f4ac3610034d063f63c38e
1684,Cuckoos,Go-carts,(Hot Air) balloons,Cuckoos,,(Hot Air) balloons,0,66f4ac3610034d063f63c38e
1685,Magpies,Polar Bears,Zeppelins,Magpies,,Zeppelins,1,66f4ac3610034d063f63c38e
1686,Fruit Flies,Beetles,Crows,Fruit Flies,,Crows,1,66f4ac3610034d063f63c38e
1688,Horseflies,Swordfish,Rockets,Horseflies,,Rockets,1,66f4ac3610034d063f63c38e
1689,Pelicans,Ducks,Wasps,Pelicans,,Wasps,0,66f4ac3610034d063f63c38e
1690,Pelicans,Elephants,Rockets,Pelicans,,Rockets,1,66f4ac3610034d063f63c38e
1691,Storks,Panties,Zeppelins,Storks,,Zeppelins,1,66f4ac3610034d063f63c38e
1692,Wasps,Snakes,Airplanes,Wasps,,Airplanes,1,66f4ac3610034d063f63c38e
1693,Pelicans,Donkeys,Airplanes,Pelicans,,Airplanes,1,66f4ac3610034d063f63c38e
1694,Sparrows,Saws,Rockets,Sparrows,,Rockets,1,66f4ac3610034d063f63c38e
1695,Blackbirds,Bras,Airplanes,Blackbirds,,Airplanes,1,66f4ac3610034d063f63c38e
1696,Eagles,Cobras,Bats,Eagles,,Bats,1,66f4ac3610034d063f63c38e
1697,Woodpeckers,Alligators,(Hot Air) balloons,Woodpeckers,,(Hot Air) balloons,1,66f4ac3610034d063f63c38e
1698,Owls,Caimans,Zeppelins,Owls,,Zeppelins,0,66f4ac3610034d063f63c38e
1699,Sparrows,Alligators,Rockets,Sparrows,,Rockets,1,66f4ac3610034d063f63c38e
1700,Moths,Rabbits,Helicopters,Moths,,Helicopters,1,66f4ac3610034d063f63c38e
1701,Blackbirds,Organs,Airplanes,Blackbirds,,Airplanes,1,66f4ac3610034d063f63c38e
1702,Fruit Flies,Dolphins,(Hot Air) balloons,Fruit Flies,,(Hot Air) balloons,1,66f4ac3610034d063f63c38e
1703,Horseflies,Frogs,Helicopters,Horseflies,,Helicopters,1,66f4ac3610034d063f63c38e
1705,Robins,Snakes,Helicopters,Robins,,Helicopters,1,66f4ac3610034d063f63c38e
1706,Bumblebees,Blouses,Airplanes,Bumblebees,,Airplanes,1,66f4ac3610034d063f63c38e
1707,Falcons,Ducks,(Hot Air) balloons,Falcons,,(Hot Air) balloons,0,66f4ac3610034d063f63c38e
1708,Robins,Penguins,Helicopters,Robins,,Helicopters,1,66f4ac3610034d063f63c38e
1709,Airplanes,Rhinos,Crows,Airplanes,,Crows,1,66f4ac3610034d063f63c38e
1710,Dragonflies,Tracksuits,Airplanes,Dragonflies,,Airplanes,1,66f4ac3610034d063f63c38e
1711,Swallows,Wolves,Wasps,Swallows,,Wasps,1,66f4ac3610034d063f63c38e
1712,Bees,Grasshoppers,Airplanes,Bees,,Airplanes,1,66f4ac3610034d063f63c38e
1713,Owls,Monkeys,Mosquitoes,Owls,,Mosquitoes,1,66f4ac3610034d063f63c38e
1714,Flies,Rays,Parakeets,Flies,,Parakeets,1,66f4ac3610034d063f63c38e
1750,Canaries,Giraffes,(Hot Air) balloons,Canaries,,(Hot Air) balloons,0,66d6584b97d5a0cfa409a09b
1751,Canaries,Cats,Rockets,Canaries,,Rockets,1,66d6584b97d5a0cfa409a09b
1752,Parakeets,Alligators,Zeppelins,Parakeets,,Zeppelins,1,66d6584b97d5a0cfa409a09b
1753,Canaries,Bassoons,Zeppelins,Canaries,,Zeppelins,1,66d6584b97d5a0cfa409a09b
1754,Cuckoos,Go-carts,(Hot Air) balloons,Cuckoos,,(Hot Air) balloons,1,66d6584b97d5a0cfa409a09b
1755,Canaries,Bison,Bees,Canaries,,Bees,1,66d6584b97d5a0cfa409a09b
1756,Robins,Turkeys,Mosquitoes,Robins,,Mosquitoes,1,66d6584b97d5a0cfa409a09b
1757,Flies,Pistols,Helicopters,Flies,,Helicopters,1,66d6584b97d5a0cfa409a09b
1758,Horseflies,Swordfish,Rockets,Horseflies,,Rockets,1,66d6584b97d5a0cfa409a09b
1760,Falcons,Snakes,Helicopters,Falcons,,Helicopters,1,66d6584b97d5a0cfa409a09b
1761,Magpies,Carp,Zeppelins,Magpies,,Zeppelins,1,66d6584b97d5a0cfa409a09b
1762,(Hot Air) balloons,Elephants,Bumblebees,(Hot Air) balloons,,Bumblebees,1,66d6584b97d5a0cfa409a09b
1763,Pelicans,Ducks,Wasps,Pelicans,,Wasps,1,66d6584b97d5a0cfa409a09b
1764,Moths,Rabbits,Helicopters,Moths,,Helicopters,1,66d6584b97d5a0cfa409a09b
1765,Rockets,Colanders,Flies,Rockets,,Flies,1,66d6584b97d5a0cfa409a09b
1766,Storks,Jeans,Rockets,Storks,,Rockets,1,66d6584b97d5a0cfa409a09b
1767,Seagulls,Pistols,Zeppelins,Seagulls,,Zeppelins,1,66d6584b97d5a0cfa409a09b
1768,Robins,Penguins,Helicopters,Robins,,Helicopters,1,66d6584b97d5a0cfa409a09b
1769,Owls,Rhinos,Wasps,Owls,,Wasps,1,66d6584b97d5a0cfa409a09b
1770,Pheasants,Boots,(Hot Air) balloons,Pheasants,,(Hot Air) balloons,1,66d6584b97d5a0cfa409a09b
1771,Helicopters,Pots,Flies,Helicopters,,Flies,1,66d6584b97d5a0cfa409a09b
1772,Eagles,Wolves,Flies,Eagles,,Flies,1,66d6584b97d5a0cfa409a09b
1773,Horseflies,Frogs,Helicopters,Horseflies,,Helicopters,1,66d6584b97d5a0cfa409a09b
1774,Doves,Dolphins,Helicopters,Doves,,Helicopters,1,66d6584b97d5a0cfa409a09b
1775,Bees,Grasshoppers,Airplanes,Bees,,Airplanes,1,66d6584b97d5a0cfa409a09b
1776,Robins,Snakes,Helicopters,Robins,,Helicopters,1,66d6584b97d5a0cfa409a09b
1777,Sparrows,Alligators,Rockets,Sparrows,,Rockets,1,66d6584b97d5a0cfa409a09b
1778,Horseflies,Pan flutes,(Hot Air) balloons,Horseflies,,(Hot Air) balloons,1,66d6584b97d5a0cfa409a09b
1779,Blackbirds,Organs,Airplanes,Blackbirds,,Airplanes,1,66d6584b97d5a0cfa409a09b
1780,Magpies,Turtles,Zeppelins,Magpies,,Zeppelins,1,66d6584b97d5a0cfa409a09b
1781,Storks,Panties,Zeppelins,Storks,,Zeppelins,1,66d6584b97d5a0cfa409a09b
1782,Bees,Squid,Chickadees,Bees,,Chickadees,1,66d6584b97d5a0cfa409a09b
1783,Parrots,Trumpets,Airplanes,Parrots,,Airplanes,1,66d6584b97d5a0cfa409a09b
1784,Herons,Pigs,Airplanes,Herons,,Airplanes,1,66d6584b97d5a0cfa409a09b
1960,Storks,Panties,Zeppelins,Storks,,Zeppelins,1,66b23e1a82f20f59115e2255
1961,Cuckoos,Woks,Zeppelins,Cuckoos,,Zeppelins,0,66b23e1a82f20f59115e2255
1962,Moths,Sheep,Storks,Moths,,Storks,0,66b23e1a82f20f59115e2255
1963,Magpies,Turtles,Zeppelins,Magpies,,Zeppelins,0,66b23e1a82f20f59115e2255
1964,Sparrows,Alligators,Rockets,Sparrows,,Rockets,1,66b23e1a82f20f59115e2255
1965,Canaries,Cats,Rockets,Canaries,,Rockets,0,66b23e1a82f20f59115e2255
1966,Bats,Iguanas,Butterflies,Bats,,Butterflies,0,66b23e1a82f20f59115e2255
1967,Bees,Squid,Chickadees,Bees,,Chickadees,0,66b23e1a82f20f59115e2255
1968,Horseflies,Pan flutes,(Hot Air) balloons,Horseflies,,(Hot Air) balloons,0,66b23e1a82f20f59115e2255
1969,Cuckoos,Turkeys,Helicopters,Cuckoos,,Helicopters,0,66b23e1a82f20f59115e2255
1970,Canaries,Bassoons,Zeppelins,Canaries,,Zeppelins,0,66b23e1a82f20f59115e2255
1972,Horseflies,Frogs,Helicopters,Horseflies,,Helicopters,0,66b23e1a82f20f59115e2255
1973,Blackbirds,Organs,Airplanes,Blackbirds,,Airplanes,0,66b23e1a82f20f59115e2255
1974,Sparrows,Saws,Rockets,Sparrows,,Rockets,0,66b23e1a82f20f59115e2255
1975,Woodpeckers,Ducks,Bats,Woodpeckers,,Bats,0,66b23e1a82f20f59115e2255
1976,Robins,Snakes,Helicopters,Robins,,Helicopters,0,66b23e1a82f20f59115e2255
1977,Canaries,Bison,Bees,Canaries,,Bees,0,66b23e1a82f20f59115e2255
1978,Pelicans,Donkeys,Airplanes,Pelicans,,Airplanes,0,66b23e1a82f20f59115e2255
1979,Cuckoos,Worms,Flies,Cuckoos,,Flies,0,66b23e1a82f20f59115e2255
1980,Zeppelins,Guitars,Bumblebees,Zeppelins,,Bumblebees,0,66b23e1a82f20f59115e2255
1982,Woodpeckers,Alligators,(Hot Air) balloons,Woodpeckers,,(Hot Air) balloons,0,66b23e1a82f20f59115e2255
1983,Robins,Turkeys,Mosquitoes,Robins,,Mosquitoes,0,66b23e1a82f20f59115e2255
1984,Bumblebees,Toads,Pelicans,Bumblebees,,Pelicans,0,66b23e1a82f20f59115e2255
1985,Cuckoos,Go-carts,(Hot Air) balloons,Cuckoos,,(Hot Air) balloons,0,66b23e1a82f20f59115e2255
1986,Herons,Pigs,Airplanes,Herons,,Airplanes,0,66b23e1a82f20f59115e2255
1987,Flies,Rays,Parakeets,Flies,,Parakeets,0,66b23e1a82f20f59115e2255
1988,Robins,Penguins,Helicopters,Robins,,Helicopters,0,66b23e1a82f20f59115e2255
1989,Blackbirds,Hats,Airplanes,Blackbirds,,Airplanes,0,66b23e1a82f20f59115e2255
1990,Pelicans,Ducks,Wasps,Pelicans,,Wasps,0,66b23e1a82f20f59115e2255
1991,Canaries,Giraffes,(Hot Air) balloons,Canaries,,(Hot Air) balloons,0,66b23e1a82f20f59115e2255
1992,Swallows,Wolves,Wasps,Swallows,,Wasps,0,66b23e1a82f20f59115e2255
1993,Owls,Monkeys,Mosquitoes,Owls,,Mosquitoes,0,66b23e1a82f20f59115e2255
1994,Moths,Camels,Canaries,Moths,,Canaries,0,66b23e1a82f20f59115e2255
2135,Dragonflies,Tracksuits,Airplanes,Dragonflies,,Airplanes,1,6071e7e8f858a84483519a0c
2136,Butterflies,Hippos,Blackbirds,Butterflies,,Blackbirds,1,6071e7e8f858a84483519a0c
2137,Storks,Panties,Zeppelins,Storks,,Zeppelins,1,6071e7e8f858a84483519a0c
2138,Swallows,Piranhas,Rockets,Swallows,,Rockets,0,6071e7e8f858a84483519a0c
2139,Woodpeckers,Hedgehogs,Bumblebees,Woodpeckers,,Bumblebees,0,6071e7e8f858a84483519a0c
2140,Zeppelins,Guitars,Bumblebees,Zeppelins,,Bumblebees,1,6071e7e8f858a84483519a0c
2141,Robins,Snakes,Helicopters,Robins,,Helicopters,1,6071e7e8f858a84483519a0c
2142,Robins,Penguins,Helicopters,Robins,,Helicopters,0,6071e7e8f858a84483519a0c
2143,Pelicans,Elephants,Rockets,Pelicans,,Rockets,1,6071e7e8f858a84483519a0c
2144,Helicopters,Pots,Flies,Helicopters,,Flies,1,6071e7e8f858a84483519a0c
2145,Blackbirds,Bras,Airplanes,Blackbirds,,Airplanes,1,6071e7e8f858a84483519a0c
2146,Cuckoos,Go-carts,(Hot Air) balloons,Cuckoos,,(Hot Air) balloons,0,6071e7e8f858a84483519a0c
2148,Eagles,Clarinets,Airplanes,Eagles,,Airplanes,1,6071e7e8f858a84483519a0c
2149,Bats,Iguanas,Butterflies,Bats,,Butterflies,0,6071e7e8f858a84483519a0c
2150,Owls,Rhinos,Wasps,Owls,,Wasps,1,6071e7e8f858a84483519a0c
2151,(Hot Air) balloons,Elephants,Bumblebees,(Hot Air) balloons,,Bumblebees,1,6071e7e8f858a84483519a0c
2152,Bumblebees,Tortoises,Rockets,Bumblebees,,Rockets,1,6071e7e8f858a84483519a0c
2153,Horseflies,Pan flutes,(Hot Air) balloons,Horseflies,,(Hot Air) balloons,1,6071e7e8f858a84483519a0c
2154,Seagulls,Pistols,Zeppelins,Seagulls,,Zeppelins,1,6071e7e8f858a84483519a0c
2156,Blackbirds,Hats,Airplanes,Blackbirds,,Airplanes,1,6071e7e8f858a84483519a0c
2157,Horseflies,Swordfish,Rockets,Horseflies,,Rockets,0,6071e7e8f858a84483519a0c
2159,Eagles,Wolves,Flies,Eagles,,Flies,1,6071e7e8f858a84483519a0c
2160,Mosquitoes,Toads,Pheasants,Mosquitoes,,Pheasants,1,6071e7e8f858a84483519a0c
2161,Falcons,Ducks,(Hot Air) balloons,Falcons,,(Hot Air) balloons,0,6071e7e8f858a84483519a0c
2162,Swallows,Llamas,Helicopters,Swallows,,Helicopters,1,6071e7e8f858a84483519a0c
2163,Magpies,Turtles,Zeppelins,Magpies,,Zeppelins,1,6071e7e8f858a84483519a0c
2164,Magpies,Carp,Zeppelins,Magpies,,Zeppelins,1,6071e7e8f858a84483519a0c
2165,Cuckoos,Lizards,Horseflies,Cuckoos,,Horseflies,1,6071e7e8f858a84483519a0c
2166,Rockets,Colanders,Flies,Rockets,,Flies,1,6071e7e8f858a84483519a0c
2167,Eagles,Cobras,Bats,Eagles,,Bats,1,6071e7e8f858a84483519a0c
2168,Woodpeckers,Alligators,(Hot Air) balloons,Woodpeckers,,(Hot Air) balloons,1,6071e7e8f858a84483519a0c
2169,Sparrows,Saws,Rockets,Sparrows,,Rockets,1,6071e7e8f858a84483519a0c
2170,Cuckoos,Lizards,Horseflies,Cuckoos,,Horseflies,1,7164-2513-2625
2171,Woodpeckers,Alligators,(Hot Air) balloons,Woodpeckers,,(Hot Air) balloons,0,7164-2513-2625
2172,Herons,Pigs,Airplanes,Herons,,Airplanes,0,7164-2513-2625
2173,Bumblebees,Toads,Pelicans,Bumblebees,,Pelicans,0,7164-2513-2625
2174,Robins,Snakes,Helicopters,Robins,,Helicopters,0,7164-2513-2625
2175,Bees,Llamas,Cuckoos,Bees,,Cuckoos,0,7164-2513-2625
2176,Swallows,Llamas,Helicopters,Swallows,,Helicopters,0,7164-2513-2625
2177,Horseflies,Salamanders,Eagles,Horseflies,,Eagles,0,7164-2513-2625
2178,Swallows,Wolves,Wasps,Swallows,,Wasps,0,7164-2513-2625
2179,Doves,Dolphins,Helicopters,Doves,,Helicopters,0,7164-2513-2625
2180,Bees,Grasshoppers,Airplanes,Bees,,Airplanes,0,7164-2513-2625
2181,Parakeets,Alligators,Zeppelins,Parakeets,,Zeppelins,0,7164-2513-2625
2182,Moths,Sheep,Storks,Moths,,Storks,0,7164-2513-2625
2183,Blackbirds,Hats,Airplanes,Blackbirds,,Airplanes,0,7164-2513-2625
2184,Storks,Panties,Zeppelins,Storks,,Zeppelins,0,7164-2513-2625
2185,Parrots,Trumpets,Airplanes,Parrots,,Airplanes,0,7164-2513-2625
2186,Flies,Rays,Parakeets,Flies,,Parakeets,0,7164-2513-2625
2187,Owls,Rhinos,Wasps,Owls,,Wasps,0,7164-2513-2625
2188,Owls,Caimans,Zeppelins,Owls,,Zeppelins,0,7164-2513-2625
2189,Sparrows,Saws,Rockets,Sparrows,,Rockets,0,7164-2513-2625
2190,Pelicans,Ducks,Wasps,Pelicans,,Wasps,0,7164-2513-2625
2191,Swallows,Piranhas,Rockets,Swallows,,Rockets,0,7164-2513-2625
2192,Herons,Sheep,Airplanes,Herons,,Airplanes,0,7164-2513-2625
2193,Horseflies,Swordfish,Rockets,Horseflies,,Rockets,0,7164-2513-2625
2195,Woodpeckers,Ducks,Bats,Woodpeckers,,Bats,0,7164-2513-2625
2196,Fruit Flies,Beetles,Crows,Fruit Flies,,Crows,0,7164-2513-2625
2197,Helicopters,Pots,Flies,Helicopters,,Flies,0,7164-2513-2625
2198,Airplanes,Rhinos,Crows,Airplanes,,Crows,0,7164-2513-2625
2199,Cuckoos,Turkeys,Helicopters,Cuckoos,,Helicopters,0,7164-2513-2625
2200,Seagulls,Pistols,Zeppelins,Seagulls,,Zeppelins,0,7164-2513-2625
2201,Robins,Turkeys,Mosquitoes,Robins,,Mosquitoes,0,7164-2513-2625
2202,Owls,Monkeys,Mosquitoes,Owls,,Mosquitoes,0,7164-2513-2625
2203,Moths,Rabbits,Helicopters,Moths,,Helicopters,0,7164-2513-2625
2204,Bumblebees,Tortoises,Rockets,Bumblebees,,Rockets,0,7164-2513-2625
2240,Bumblebees,Toads,Pelicans,Bumblebees,,Pelicans,0,669864e93f0ed6ee2a5d5cf8
2241,Flies,Rays,Parakeets,Flies,,Parakeets,0,669864e93f0ed6ee2a5d5cf8
2242,Sparrows,Saws,Rockets,Sparrows,,Rockets,0,669864e93f0ed6ee2a5d5cf8
2243,Falcons,Snakes,Helicopters,Falcons,,Helicopters,0,669864e93f0ed6ee2a5d5cf8
2244,Bumblebees,Tortoises,Rockets,Bumblebees,,Rockets,0,669864e93f0ed6ee2a5d5cf8
2245,Blackbirds,Hats,Airplanes,Blackbirds,,Airplanes,0,669864e93f0ed6ee2a5d5cf8
2246,Owls,Monkeys,Mosquitoes,Owls,,Mosquitoes,0,669864e93f0ed6ee2a5d5cf8
2247,Woodpeckers,Hedgehogs,Dragonflies,Woodpeckers,,Dragonflies,0,669864e93f0ed6ee2a5d5cf8
2248,Woodpeckers,Alligators,(Hot Air) balloons,Woodpeckers,,(Hot Air) balloons,0,669864e93f0ed6ee2a5d5cf8
2249,Cuckoos,Bass guitars,(Hot Air) balloons,Cuckoos,,(Hot Air) balloons,1,669864e93f0ed6ee2a5d5cf8
2250,Horseflies,Frogs,Helicopters,Horseflies,,Helicopters,0,669864e93f0ed6ee2a5d5cf8
2251,Bees,Llamas,Cuckoos,Bees,,Cuckoos,1,669864e93f0ed6ee2a5d5cf8
2252,Airplanes,Rhinos,Crows,Airplanes,,Crows,0,669864e93f0ed6ee2a5d5cf8
2253,Cuckoos,Go-carts,(Hot Air) balloons,Cuckoos,,(Hot Air) balloons,0,669864e93f0ed6ee2a5d5cf8
2254,Fruit Flies,Beetles,Crows,Fruit Flies,,Crows,0,669864e93f0ed6ee2a5d5cf8
2256,Eagles,Wolves,Flies,Eagles,,Flies,0,669864e93f0ed6ee2a5d5cf8
2257,Horseflies,Pan flutes,(Hot Air) balloons,Horseflies,,(Hot Air) balloons,0,669864e93f0ed6ee2a5d5cf8
2258,Horseflies,Salamanders,Eagles,Horseflies,,Eagles,0,669864e93f0ed6ee2a5d5cf8
2259,Owls,Caimans,Zeppelins,Owls,,Zeppelins,0,669864e93f0ed6ee2a5d5cf8
2260,Swallows,Piranhas,Rockets,Swallows,,Rockets,0,669864e93f0ed6ee2a5d5cf8
2261,Storks,Panties,Zeppelins,Storks,,Zeppelins,0,669864e93f0ed6ee2a5d5cf8
2262,Magpies,Carp,Zeppelins,Magpies,,Zeppelins,0,669864e93f0ed6ee2a5d5cf8
2263,Sparrows,Snakes,Zeppelins,Sparrows,,Zeppelins,0,669864e93f0ed6ee2a5d5cf8
2264,Owls,Rhinos,Wasps,Owls,,Wasps,0,669864e93f0ed6ee2a5d5cf8
2265,Pelicans,Donkeys,Airplanes,Pelicans,,Airplanes,0,669864e93f0ed6ee2a5d5cf8
2266,Cuckoos,Turkeys,Helicopters,Cuckoos,,Helicopters,0,669864e93f0ed6ee2a5d5cf8
2267,Blackbirds,Organs,Airplanes,Blackbirds,,Airplanes,0,669864e93f0ed6ee2a5d5cf8
2268,Bees,Jeans,Zeppelins,Bees,,Zeppelins,0,669864e93f0ed6ee2a5d5cf8
2269,Cuckoos,Accordions,(Hot Air) balloons,Cuckoos,,(Hot Air) balloons,1,669864e93f0ed6ee2a5d5cf8
2270,Swallows,Llamas,Helicopters,Swallows,,Helicopters,1,669864e93f0ed6ee2a5d5cf8
2271,Blackbirds,Bras,Airplanes,Blackbirds,,Airplanes,1,669864e93f0ed6ee2a5d5cf8
2272,Dragonflies,Tracksuits,Airplanes,Dragonflies,,Airplanes,1,669864e93f0ed6ee2a5d5cf8
2273,Herons,Sheep,Airplanes,Herons,,Airplanes,1,669864e93f0ed6ee2a5d5cf8
2274,Cuckoos,Lizards,Horseflies,Cuckoos,,Horseflies,0,669864e93f0ed6ee2a5d5cf8
2276,Cuckoos,Woks,Zeppelins,Cuckoos,,Zeppelins,0,652a53d0565aa471305a710a
2277,Robins,Snakes,Helicopters,Robins,,Helicopters,1,652a53d0565aa471305a710a
2278,Canaries,Cats,Rockets,Canaries,,Rockets,1,652a53d0565aa471305a710a
2279,Cuckoos,Accordions,(Hot Air) balloons,Cuckoos,,(Hot Air) balloons,0,652a53d0565aa471305a710a
2280,Parakeets,Alligators,Zeppelins,Parakeets,,Zeppelins,0,652a53d0565aa471305a710a
2281,Seagulls,Pistols,Zeppelins,Seagulls,,Zeppelins,0,652a53d0565aa471305a710a
2282,Owls,Monkeys,Mosquitoes,Owls,,Mosquitoes,0,652a53d0565aa471305a710a
2283,Swallows,Piranhas,Rockets,Swallows,,Rockets,1,652a53d0565aa471305a710a
2284,Bees,Squid,Chickadees,Bees,,Chickadees,0,652a53d0565aa471305a710a
2285,Parrots,Trumpets,Airplanes,Parrots,,Airplanes,0,652a53d0565aa471305a710a
2286,Robins,Turkeys,Mosquitoes,Robins,,Mosquitoes,0,652a53d0565aa471305a710a
2287,Horseflies,Salamanders,Eagles,Horseflies,,Eagles,0,652a53d0565aa471305a710a
2288,Magpies,Turtles,Zeppelins,Magpies,,Zeppelins,0,652a53d0565aa471305a710a
2289,Helicopters,Pots,Flies,Helicopters,,Flies,1,652a53d0565aa471305a710a
2290,Cuckoos,Go-carts,(Hot Air) balloons,Cuckoos,,(Hot Air) balloons,0,652a53d0565aa471305a710a
2291,Bees,Jeans,Zeppelins,Bees,,Zeppelins,1,652a53d0565aa471305a710a
2292,Cuckoos,Bass guitars,(Hot Air) balloons,Cuckoos,,(Hot Air) balloons,0,652a53d0565aa471305a710a
2293,Dragonflies,Tracksuits,Airplanes,Dragonflies,,Airplanes,0,652a53d0565aa471305a710a
2294,Pheasants,Boots,(Hot Air) balloons,Pheasants,,(Hot Air) balloons,1,652a53d0565aa471305a710a
2295,Cuckoos,Turkeys,Helicopters,Cuckoos,,Helicopters,1,652a53d0565aa471305a710a
2296,Airplanes,Rhinos,Crows,Airplanes,,Crows,1,652a53d0565aa471305a710a
2297,Eagles,Clarinets,Airplanes,Eagles,,Airplanes,0,652a53d0565aa471305a710a
2298,Sparrows,Snakes,Zeppelins,Sparrows,,Zeppelins,0,652a53d0565aa471305a710a
2299,Pelicans,Elephants,Rockets,Pelicans,,Rockets,1,652a53d0565aa471305a710a
2300,Bumblebees,Tortoises,Rockets,Bumblebees,,Rockets,1,652a53d0565aa471305a710a
2301,Cuckoos,Lizards,Horseflies,Cuckoos,,Horseflies,1,652a53d0565aa471305a710a
2302,Swallows,Llamas,Helicopters,Swallows,,Helicopters,1,652a53d0565aa471305a710a
2303,Zeppelins,Guitars,Bumblebees,Zeppelins,,Bumblebees,0,652a53d0565aa471305a710a
2304,Eagles,Cobras,Bats,Eagles,,Bats,1,652a53d0565aa471305a710a
2305,Falcons,Ducks,(Hot Air) balloons,Falcons,,(Hot Air) balloons,0,652a53d0565aa471305a710a
2306,Doves,Dolphins,Helicopters,Doves,,Helicopters,1,652a53d0565aa471305a710a
2308,Blackbirds,Bras,Airplanes,Blackbirds,,Airplanes,1,652a53d0565aa471305a710a
2309,Blackbirds,Hats,Airplanes,Blackbirds,,Airplanes,1,652a53d0565aa471305a710a
2450,Sparrows,Saws,Rockets,Sparrows,,Rockets,1,66b1eb08a154c8f8beec5846
2451,Sparrows,Snakes,Zeppelins,Sparrows,,Zeppelins,1,66b1eb08a154c8f8beec5846
2452,Bumblebees,Toads,Pelicans,Bumblebees,,Pelicans,0,66b1eb08a154c8f8beec5846
2453,Blackbirds,Bras,Airplanes,Blackbirds,,Airplanes,1,66b1eb08a154c8f8beec5846
2454,Eagles,Clarinets,Airplanes,Eagles,,Airplanes,1,66b1eb08a154c8f8beec5846
2455,Magpies,Polar Bears,Zeppelins,Magpies,,Zeppelins,1,66b1eb08a154c8f8beec5846
2456,Magpies,Turtles,Zeppelins,Magpies,,Zeppelins,1,66b1eb08a154c8f8beec5846
2457,Horseflies,Pan flutes,(Hot Air) balloons,Horseflies,,(Hot Air) balloons,1,66b1eb08a154c8f8beec5846
2458,Horseflies,Frogs,Helicopters,Horseflies,,Helicopters,1,66b1eb08a154c8f8beec5846
2459,Blackbirds,Organs,Airplanes,Blackbirds,,Airplanes,1,66b1eb08a154c8f8beec5846
2460,Chickadees,Levels,Rockets,Chickadees,,Rockets,1,66b1eb08a154c8f8beec5846
2461,Canaries,Giraffes,(Hot Air) balloons,Canaries,,(Hot Air) balloons,1,66b1eb08a154c8f8beec5846
2462,Moths,Rabbits,Helicopters,Moths,,Helicopters,1,66b1eb08a154c8f8beec5846
2463,Storks,Jeans,Rockets,Storks,,Rockets,1,66b1eb08a154c8f8beec5846
2464,Sparrows,Alligators,Rockets,Sparrows,,Rockets,1,66b1eb08a154c8f8beec5846
2465,Eagles,Cobras,Bats,Eagles,,Bats,0,66b1eb08a154c8f8beec5846
2466,Storks,Panties,Zeppelins,Storks,,Zeppelins,1,66b1eb08a154c8f8beec5846
2467,Robins,Turkeys,Mosquitoes,Robins,,Mosquitoes,1,66b1eb08a154c8f8beec5846
2468,Bees,Grasshoppers,Airplanes,Bees,,Airplanes,1,66b1eb08a154c8f8beec5846
2469,Falcons,Snakes,Helicopters,Falcons,,Helicopters,1,66b1eb08a154c8f8beec5846
2470,Owls,Monkeys,Mosquitoes,Owls,,Mosquitoes,0,66b1eb08a154c8f8beec5846
2471,Bees,Llamas,Cuckoos,Bees,,Cuckoos,0,66b1eb08a154c8f8beec5846
2472,Blackbirds,Hats,Airplanes,Blackbirds,,Airplanes,1,66b1eb08a154c8f8beec5846
2473,Swallows,Piranhas,Rockets,Swallows,,Rockets,1,66b1eb08a154c8f8beec5846
2474,Flies,Pistols,Helicopters,Flies,,Helicopters,1,66b1eb08a154c8f8beec5846
2475,Moths,Sheep,Storks,Moths,,Storks,1,66b1eb08a154c8f8beec5846
2476,Swallows,Llamas,Helicopters,Swallows,,Helicopters,1,66b1eb08a154c8f8beec5846
2477,Wasps,Snakes,Airplanes,Wasps,,Airplanes,1,66b1eb08a154c8f8beec5846
2478,Canaries,Bassoons,Zeppelins,Canaries,,Zeppelins,1,66b1eb08a154c8f8beec5846
2479,Flies,Rays,Parakeets,Flies,,Parakeets,1,66b1eb08a154c8f8beec5846
2480,Falcons,Ducks,(Hot Air) balloons,Falcons,,(Hot Air) balloons,1,66b1eb08a154c8f8beec5846
2481,Robins,Snakes,Helicopters,Robins,,Helicopters,1,66b1eb08a154c8f8beec5846
2482,Cuckoos,Bass guitars,(Hot Air) balloons,Cuckoos,,(Hot Air) balloons,1,66b1eb08a154c8f8beec5846
2483,Bumblebees,Tortoises,Rockets,Bumblebees,,Rockets,1,66b1eb08a154c8f8beec5846
2484,Pelicans,Elephants,Rockets,Pelicans,,Rockets,1,66b1eb08a154c8f8beec5846
2485,Butterflies,Hippos,Blackbirds,Butterflies,,Blackbirds,1,66fe8954f77e2be6096151cd
2486,Bees,Squid,Chickadees,Bees,,Chickadees,1,66fe8954f77e2be6096151cd
2487,Magpies,Carp,Zeppelins,Magpies,,Zeppelins,1,66fe8954f77e2be6096151cd
2488,Swallows,Piranhas,Rockets,Swallows,,Rockets,1,66fe8954f77e2be6096151cd
2489,Magpies,Polar Bears,Zeppelins,Magpies,,Zeppelins,1,66fe8954f77e2be6096151cd
2490,Cuckoos,Turkeys,Helicopters,Cuckoos,,Helicopters,0,66fe8954f77e2be6096151cd
2491,Bees,Jeans,Zeppelins,Bees,,Zeppelins,1,66fe8954f77e2be6096151cd
2493,Rockets,Colanders,Flies,Rockets,,Flies,1,66fe8954f77e2be6096151cd
2494,Horseflies,Pan flutes,(Hot Air) balloons,Horseflies,,(Hot Air) balloons,0,66fe8954f77e2be6096151cd
2495,Canaries,Cats,Rockets,Canaries,,Rockets,1,66fe8954f77e2be6096151cd
2496,Cuckoos,Woks,Zeppelins,Cuckoos,,Zeppelins,1,66fe8954f77e2be6096151cd
2497,Sparrows,Saws,Rockets,Sparrows,,Rockets,0,66fe8954f77e2be6096151cd
2498,Doves,Foxes,Helicopters,Doves,,Helicopters,0,66fe8954f77e2be6096151cd
2499,Bumblebees,Toads,Pelicans,Bumblebees,,Pelicans,0,66fe8954f77e2be6096151cd
2500,Woodpeckers,Ducks,Bats,Woodpeckers,,Bats,1,66fe8954f77e2be6096151cd
2501,Sparrows,Snakes,Zeppelins,Sparrows,,Zeppelins,1,66fe8954f77e2be6096151cd
2502,Swallows,Llamas,Helicopters,Swallows,,Helicopters,1,66fe8954f77e2be6096151cd
2503,Canaries,Giraffes,(Hot Air) balloons,Canaries,,(Hot Air) balloons,1,66fe8954f77e2be6096151cd
2504,Woodpeckers,Hedgehogs,Bumblebees,Woodpeckers,,Bumblebees,1,66fe8954f77e2be6096151cd
2505,Eagles,Clarinets,Airplanes,Eagles,,Airplanes,1,66fe8954f77e2be6096151cd
2506,Blackbirds,Hats,Airplanes,Blackbirds,,Airplanes,1,66fe8954f77e2be6096151cd
2507,Woodpeckers,Hedgehogs,Dragonflies,Woodpeckers,,Dragonflies,1,66fe8954f77e2be6096151cd
2508,Blackbirds,Bras,Airplanes,Blackbirds,,Airplanes,1,66fe8954f77e2be6096151cd
2509,Flies,Rays,Parakeets,Flies,,Parakeets,1,66fe8954f77e2be6096151cd
2510,Robins,Turkeys,Mosquitoes,Robins,,Mosquitoes,1,66fe8954f77e2be6096151cd
2511,Bees,Llamas,Cuckoos,Bees,,Cuckoos,1,66fe8954f77e2be6096151cd
2512,Bumblebees,Tortoises,Rockets,Bumblebees,,Rockets,1,66fe8954f77e2be6096151cd
2513,Herons,Sheep,Airplanes,Herons,,Airplanes,1,66fe8954f77e2be6096151cd
2514,Cuckoos,Bass guitars,(Hot Air) balloons,Cuckoos,,(Hot Air) balloons,1,66fe8954f77e2be6096151cd
2515,Bats,Iguanas,Butterflies,Bats,,Butterflies,1,66fe8954f77e2be6096151cd
2516,Swallows,Wolves,Wasps,Swallows,,Wasps,1,66fe8954f77e2be6096151cd
2517,Moths,Sheep,Storks,Moths,,Storks,1,66fe8954f77e2be6096151cd
2518,Eagles,Wolves,Flies,Eagles,,Flies,1,66fe8954f77e2be6096151cd
2519,Eagles,Cobras,Bats,Eagles,,Bats,1,66fe8954f77e2be6096151cd
2520,Owls,Rhinos,Wasps,Owls,,Wasps,1,5ef5f74fb4a08f2676fb3aba
2521,Herons,Pigs,Airplanes,Herons,,Airplanes,1,5ef5f74fb4a08f2676fb3aba
2523,Cuckoos,Lizards,Horseflies,Cuckoos,,Horseflies,1,5ef5f74fb4a08f2676fb3aba
2524,Doves,Foxes,Helicopters,Doves,,Helicopters,1,5ef5f74fb4a08f2676fb3aba
2525,Moths,Camels,Canaries,Moths,,Canaries,1,5ef5f74fb4a08f2676fb3aba
2526,Flies,Pistols,Helicopters,Flies,,Helicopters,1,5ef5f74fb4a08f2676fb3aba
2527,Cuckoos,Turkeys,Helicopters,Cuckoos,,Helicopters,0,5ef5f74fb4a08f2676fb3aba
2528,Cuckoos,Go-carts,(Hot Air) balloons,Cuckoos,,(Hot Air) balloons,1,5ef5f74fb4a08f2676fb3aba
2529,Eagles,Wolves,Flies,Eagles,,Flies,1,5ef5f74fb4a08f2676fb3aba
2530,Cuckoos,Worms,Flies,Cuckoos,,Flies,1,5ef5f74fb4a08f2676fb3aba
2531,Doves,Dolphins,Helicopters,Doves,,Helicopters,0,5ef5f74fb4a08f2676fb3aba
2532,Pelicans,Donkeys,Airplanes,Pelicans,,Airplanes,1,5ef5f74fb4a08f2676fb3aba
2534,Bumblebees,Blouses,Airplanes,Bumblebees,,Airplanes,1,5ef5f74fb4a08f2676fb3aba
2535,Swallows,Wolves,Wasps,Swallows,,Wasps,1,5ef5f74fb4a08f2676fb3aba
2536,Robins,Penguins,Helicopters,Robins,,Helicopters,1,5ef5f74fb4a08f2676fb3aba
2537,Fruit Flies,Dolphins,(Hot Air) balloons,Fruit Flies,,(Hot Air) balloons,1,5ef5f74fb4a08f2676fb3aba
2538,Helicopters,Pots,Flies,Helicopters,,Flies,1,5ef5f74fb4a08f2676fb3aba
2539,Blackbirds,Hats,Airplanes,Blackbirds,,Airplanes,1,5ef5f74fb4a08f2676fb3aba
2540,Bumblebees,Tortoises,Rockets,Bumblebees,,Rockets,1,5ef5f74fb4a08f2676fb3aba
2541,Magpies,Polar Bears,Zeppelins,Magpies,,Zeppelins,1,5ef5f74fb4a08f2676fb3aba
2542,Sparrows,Saws,Rockets,Sparrows,,Rockets,1,5ef5f74fb4a08f2676fb3aba
2543,Pheasants,Boots,(Hot Air) balloons,Pheasants,,(Hot Air) balloons,0,5ef5f74fb4a08f2676fb3aba
2544,Rockets,Colanders,Flies,Rockets,,Flies,1,5ef5f74fb4a08f2676fb3aba
2545,Horseflies,Salamanders,Eagles,Horseflies,,Eagles,1,5ef5f74fb4a08f2676fb3aba
2546,Butterflies,Hippos,Blackbirds,Butterflies,,Blackbirds,1,5ef5f74fb4a08f2676fb3aba
2547,Wasps,Snakes,Airplanes,Wasps,,Airplanes,1,5ef5f74fb4a08f2676fb3aba
2548,Falcons,Ducks,(Hot Air) balloons,Falcons,,(Hot Air) balloons,1,5ef5f74fb4a08f2676fb3aba
2549,Sparrows,Alligators,Rockets,Sparrows,,Rockets,1,5ef5f74fb4a08f2676fb3aba
2550,Owls,Caimans,Zeppelins,Owls,,Zeppelins,1,5ef5f74fb4a08f2676fb3aba
2551,Pelicans,Elephants,Rockets,Pelicans,,Rockets,1,5ef5f74fb4a08f2676fb3aba
2552,Bumblebees,Toads,Pelicans,Bumblebees,,Pelicans,1,5ef5f74fb4a08f2676fb3aba
2553,Seagulls,Pistols,Zeppelins,Seagulls,,Zeppelins,1,5ef5f74fb4a08f2676fb3aba
2554,Woodpeckers,Hedgehogs,Dragonflies,Woodpeckers,,Dragonflies,1,5ef5f74fb4a08f2676fb3aba
